region,date,median,lower_90,upper_90,lower_50,upper_50
Ayrshire and Arran,2020-03-16,1.657306350778174,1.006775220763104,2.4168857179534835,1.3416689959074226,1.8575815232116633
Ayrshire and Arran,2020-03-17,1.6281646502867115,1.0426188985649079,2.284229337519891,1.364596283819379,1.8534038191529338
Ayrshire and Arran,2020-03-18,1.5755575768840417,0.9829741710295558,2.1684017359104555,1.2880929492058562,1.7559874850338533
Ayrshire and Arran,2020-03-19,1.5118093332737632,0.9626540190649191,2.052104204112586,1.2785704184732014,1.7192200896171037
Ayrshire and Arran,2020-03-20,1.439936416272444,0.9107090493341483,1.9477899602151347,1.2015729960094859,1.6062508491556382
Ayrshire and Arran,2020-03-21,1.3856241653879877,0.9103207610071216,1.8655760619875172,1.1886117688481852,1.5538864166265467
Ayrshire and Arran,2020-03-22,1.333130101345256,0.8923640837501008,1.7851607480707061,1.1410325489266393,1.4894000237570828
Ayrshire and Arran,2020-03-23,1.2823032883002523,0.8612287260175204,1.7362800745251104,1.1114693067394812,1.4491089374562502
Ayrshire and Arran,2020-03-24,1.2294200035805498,0.8308258614159644,1.653026300203638,1.0789689686317168,1.3969794560601208
Ayrshire and Arran,2020-03-25,1.141306650534227,0.7683108838306814,1.545685159406387,1.0082388465138918,1.310232762549963
Ayrshire and Arran,2020-03-26,1.0709578938995865,0.665921366197614,1.4397565102878587,0.9145162832160987,1.220343394041617
Ayrshire and Arran,2020-03-27,1.0176588203552543,0.6544033406837254,1.4123066851627863,0.8685318126366529,1.1702378858216476
Ayrshire and Arran,2020-03-28,0.9959503083940057,0.6003159628265562,1.36535509271393,0.8288468157397576,1.13166712391143
Ayrshire and Arran,2020-03-29,0.9911270898229154,0.5776238103333117,1.3827718388012273,0.8249681210213597,1.1373104898732218
Ayrshire and Arran,2020-03-30,1.0129828261922835,0.5774731260941944,1.4361912203090488,0.8459341264122384,1.1628135373850028
Ayrshire and Arran,2020-03-31,1.058836382328077,0.625916950387634,1.5722427425507899,0.854696226817618,1.1926748153266453
Ayrshire and Arran,2020-04-01,1.1279302982755188,0.5924091150977463,1.7376673057365404,0.8703993451892651,1.2771835094451278
Ayrshire and Arran,2020-04-02,1.1833125895497982,0.5791495246825767,1.9072808257314224,0.9015172248463176,1.3600398779549243
Ayrshire and Arran,2020-04-03,1.241028765728143,0.5453870465866018,2.2701374218875756,0.85476099281003,1.4018365771168775
East of England,2020-03-02,2.016535046722044,1.36724531436115,2.7490737345770144,1.6691527571447609,2.21806539823647
East of England,2020-03-03,1.9917028927754992,1.3821405999109588,2.6549941581756196,1.7171423024532446,2.2164377975998053
East of England,2020-03-04,1.986669306420744,1.3721027818390483,2.5777255171414004,1.7572839108808274,2.211952879586047
East of England,2020-03-05,1.9736487432360645,1.4266486387032928,2.5755614892689356,1.720453561339054,2.1590103526160886
East of England,2020-03-06,1.974699390480961,1.4814192708620162,2.558312990972271,1.7384956901001396,2.1504940693706924
East of England,2020-03-07,1.9749578731204251,1.484459783810406,2.5246403766255834,1.734081880813131,2.1297544082819218
East of England,2020-03-08,1.963641947203294,1.5248056771503504,2.5000901358784655,1.7210986220089184,2.10336761180059
East of England,2020-03-09,1.9496379630164364,1.5272019908579977,2.4245678530785133,1.72008238303255,2.077643906695783
East of England,2020-03-10,1.9257927415172773,1.5325442867029695,2.3989871357200943,1.7345051774215947,2.064499720615629
East of England,2020-03-11,1.8897583919121845,1.5065824045504541,2.283149170343582,1.742629198178937,2.0512307840831934
East of England,2020-03-12,1.8641315287874918,1.508621958589038,2.2645606258363076,1.6728456258417657,1.9721028838909123
East of England,2020-03-13,1.8306461963950031,1.5022005286570033,2.197038459255365,1.6881934224931263,1.9664866580536235
East of England,2020-03-14,1.7991008620306992,1.4828055037456875,2.1453964952274927,1.6459112335863895,1.9137148620856208
East of England,2020-03-15,1.761616077728354,1.4648384527445113,2.0916575254798433,1.6277780058817348,1.8799977115722013
East of England,2020-03-16,1.7247274770815986,1.4489875561945975,2.0425656909600978,1.5797098561087597,1.8137045546291914
East of England,2020-03-17,1.6867841879703245,1.4158230290993497,1.9755120881692307,1.561769491638138,1.7781135483852586
East of England,2020-03-18,1.6463387944360526,1.395385232696051,1.9206256404379192,1.532596421813402,1.7389873844773476
East of England,2020-03-19,1.6008896592386805,1.363735389144642,1.8581160383154784,1.492752278160728,1.6871215040222047
East of England,2020-03-20,1.5571241814028125,1.3464084975144601,1.796017310474889,1.4506072465726572,1.6361523555478183
East of England,2020-03-21,1.5077952189324653,1.2928943079441748,1.7272887455275805,1.394270983817764,1.5700397396341
East of England,2020-03-22,1.4569937170180465,1.2669828032658246,1.6806335918844906,1.366262910873348,1.532455942259065
East of England,2020-03-23,1.4088482540938914,1.2133665408195664,1.5899822048076369,1.336404461617141,1.490524898322956
East of England,2020-03-24,1.3635557098633777,1.1837451884434675,1.5403455031405742,1.287255340679555,1.4287955700407327
East of England,2020-03-25,1.3229627345212465,1.158093375488656,1.4949001155865096,1.2506652534097689,1.3838626614584928
East of England,2020-03-26,1.2882609087578079,1.1327968812780773,1.4480642262823962,1.2141365900479282,1.3415209204087306
East of England,2020-03-27,1.2529875126724497,1.1070546906043497,1.4094623531489023,1.1900498410849583,1.3156852400010517
East of England,2020-03-28,1.2246688025317192,1.0830602355772918,1.3715348160889085,1.1607398960473168,1.2757390560282729
East of England,2020-03-29,1.201223907155382,1.0631445131696808,1.3248763994535313,1.1507470409343659,1.2580794402970754
East of England,2020-03-30,1.1826885979975772,1.0538183675547286,1.3070771545551005,1.134707230921883,1.233740476593784
East of England,2020-03-31,1.1584041669445124,1.0319312707842692,1.282343978754662,1.1081741686542512,1.2077976627419027
East of England,2020-04-01,1.1306781975198517,1.0055458400434207,1.258003797279175,1.0781805540742853,1.1791842468739269
East of England,2020-04-02,1.1163998054633169,0.9817198650925244,1.2397201034151606,1.0725865529523453,1.1756517762379377
East of England,2020-04-03,1.097190227807383,0.9584820285710254,1.2214093249156988,1.0530086856447831,1.1520785134118359
East of England,2020-04-04,1.0807551150376193,0.940179321968024,1.2105604600094486,1.0399317223225357,1.141999809799757
Fife,2020-03-19,1.6942079767981526,1.0055368723589022,2.4221315394507807,1.3797394112200227,1.9144493154759514
Fife,2020-03-20,1.6585449896298716,1.0044446070500737,2.320122089792962,1.3856522477175814,1.8679980283941142
Fife,2020-03-21,1.6141313299254865,1.008379416561198,2.2415675530814103,1.3618879404642368,1.8230502946971934
Fife,2020-03-22,1.5908550326572937,1.0271161018569872,2.2053969963005606,1.3480804033421212,1.7917932204795899
Fife,2020-03-23,1.5756872713063588,1.0343148144790086,2.1505205832518435,1.314447419036909,1.7315921490909054
Fife,2020-03-24,1.5629121118456393,1.0510798029713586,2.073124541013292,1.3473670438523953,1.7421960095003408
Fife,2020-03-25,1.5226124014663323,1.011276417262401,2.036844927423431,1.3255404223159766,1.7074619394716268
Fife,2020-03-26,1.459021329899704,0.9985038028444663,1.9704085212921993,1.2585292461055797,1.6273398961984031
Fife,2020-03-27,1.4036922099626756,0.9499107248327668,1.837339541189489,1.2316988701552263,1.571849541536843
Fife,2020-03-28,1.3553680732029547,0.9037810359592489,1.7771619975579884,1.1594600448814223,1.50013509948116
Fife,2020-03-29,1.3009917472269805,0.8493915090644781,1.7004967319727882,1.1120788072721153,1.4434443470002882
Fife,2020-03-30,1.2598637465777194,0.832193901096713,1.6692810673408816,1.1129453679216914,1.432193968446683
Fife,2020-03-31,1.2211083650028476,0.7609071590915746,1.6355210293709481,1.060279380127142,1.3852615765626581
Fife,2020-04-01,1.2284274906094004,0.7580269145915136,1.679317155069964,1.044977321759927,1.3684532948970793
Fife,2020-04-02,1.258623872537208,0.7829860953722074,1.8613470857558327,1.0220304787796277,1.3835559928328585
Fife,2020-04-03,1.3204644589359429,0.8031595038138022,2.0745860846636157,1.019217476171036,1.4575974118256616
Fife,2020-04-04,1.3923015179336424,0.7483471534865014,2.34747891603538,1.0302698919087578,1.5589043282859303
Grampian,2020-03-12,1.4706357145157047,0.6578635792476579,2.4131344544513786,1.0595647742289567,1.7233935840054941
Grampian,2020-03-13,1.4685641837961145,0.6520687340994328,2.3800004491866136,1.0960299031282617,1.7485407620064832
Grampian,2020-03-14,1.5000547826876316,0.7203298380943319,2.4141085493144256,1.1264602492254434,1.7613503260463108
Grampian,2020-03-15,1.5568097006116124,0.7797055665647745,2.4731322073880952,1.1301384669003325,1.75810697475492
Grampian,2020-03-16,1.6123530856943171,0.8253328050771384,2.4542103072137302,1.2163692735688227,1.8414864523421093
Grampian,2020-03-17,1.667630301123182,0.9239860869218972,2.6099070535765923,1.2801191104035654,1.9074798649310458
Grampian,2020-03-18,1.6928758752076027,0.9659655821317459,2.589516644077049,1.32554733468498,1.9157789622487582
Grampian,2020-03-19,1.6973553588871368,0.9780423913074984,2.514842141113471,1.3560593670789656,1.9198576805846423
Grampian,2020-03-20,1.6771511893498139,1.0372150084315535,2.4348744608506534,1.398091831185805,1.9306102568406938
Grampian,2020-03-21,1.639954781184727,0.9456386011607091,2.3041165853752807,1.3145166598723246,1.8381755814789327
Grampian,2020-03-22,1.549290930401162,0.9567236900481708,2.1960984126234817,1.2971457384758658,1.7683112671625647
Grampian,2020-03-23,1.4744438474533859,0.9051485567504927,2.0517448271733616,1.243714855349619,1.6893227008505207
Grampian,2020-03-24,1.4079047594494436,0.8591721908591171,1.93038931633188,1.2090557171788676,1.6224021242224578
Grampian,2020-03-25,1.3468145493207646,0.8514280902414403,1.8253495997462503,1.1304351226375904,1.5200333718686727
Grampian,2020-03-26,1.284454018056124,0.7953745732260332,1.7664739134951497,1.0899684552177975,1.4604362805364035
Grampian,2020-03-27,1.1970860746796033,0.7097106985581617,1.6394007581658028,1.0052066875980181,1.376523837708666
Grampian,2020-03-28,1.1172932129714583,0.688786296088908,1.5722891762286193,0.9289276555077554,1.2850635863552489
Grampian,2020-03-29,1.0509089296626684,0.6019911481902104,1.4664126608420751,0.8626193422260978,1.2045662011152225
Grampian,2020-03-30,1.014072046786687,0.545606672618797,1.4030181749075195,0.8595836301262358,1.1939402257511806
Grampian,2020-03-31,1.004092996009116,0.5556956483600394,1.4480315757785978,0.8175627757737156,1.1544197336548978
Grampian,2020-04-01,1.060658470398239,0.5767561768364321,1.5722349836279714,0.834709773527819,1.2005589307233828
Grampian,2020-04-02,1.1494602101936615,0.6173227297136535,1.8665631350691514,0.8960213370175987,1.3199470686042196
Grampian,2020-04-03,1.281239367191935,0.6532190318092647,2.0928743721120266,0.9414538093796792,1.4334354161323424
Grampian,2020-04-04,1.417090804193344,0.6981137526367296,2.4368318565544205,0.9913372496879399,1.5913882883990624
Greater Glasgow and Clyde,2020-03-07,1.866383728657017,1.212575090588849,2.5690976413840323,1.5477044876637036,2.0714197534359085
Greater Glasgow and Clyde,2020-03-08,1.8102060995790281,1.2085066664662238,2.449289270468135,1.5303209500705224,2.0007580434874566
Greater Glasgow and Clyde,2020-03-09,1.7689676000155785,1.1751638169888983,2.3453618174893682,1.5138657253898726,1.9612239594032175
Greater Glasgow and Clyde,2020-03-10,1.7306327664840426,1.2196484087252943,2.301795295495491,1.50562008506837,1.9113725026824775
Greater Glasgow and Clyde,2020-03-11,1.7064718694221888,1.2248859502718765,2.2258212986808283,1.5020420597447948,1.8886805597516425
Greater Glasgow and Clyde,2020-03-12,1.6826158164563267,1.2301621762493964,2.181195271395836,1.4897404264895262,1.8443945287629426
Greater Glasgow and Clyde,2020-03-13,1.6590384455218206,1.233653022721939,2.1305937839822824,1.4701735599846606,1.801601451736548
Greater Glasgow and Clyde,2020-03-14,1.634864996210876,1.2088647465339097,2.0600909891952424,1.4460342112241438,1.7652952029727764
Greater Glasgow and Clyde,2020-03-15,1.6139888405247915,1.2475524731160084,2.0513423880185364,1.426686088246072,1.7363877528725082
Greater Glasgow and Clyde,2020-03-16,1.5818744807027985,1.1983404933635748,1.966112682403892,1.4365943752298929,1.7253232936600709
Greater Glasgow and Clyde,2020-03-17,1.5457015541438595,1.2103403865857778,1.9155459701753672,1.377893485033926,1.6454381870122534
Greater Glasgow and Clyde,2020-03-18,1.5067842912749414,1.1601941820468775,1.8335755862111758,1.3658898207639194,1.6190492401305991
Greater Glasgow and Clyde,2020-03-19,1.4743808791848874,1.178642583208916,1.8070622701054526,1.3428612812449299,1.5817000546729014
Greater Glasgow and Clyde,2020-03-20,1.4412927415524779,1.1735772064808587,1.7667684067343083,1.3126266751203748,1.542236933530161
Greater Glasgow and Clyde,2020-03-21,1.3948983711279395,1.1128753099835398,1.6823148066045837,1.2790789352588376,1.4957258343111688
Greater Glasgow and Clyde,2020-03-22,1.355123709773836,1.0796589882508711,1.6235250864498485,1.2495939401945806,1.4650200932362012
Greater Glasgow and Clyde,2020-03-23,1.3108833129835908,1.0482755690256487,1.5645225329515622,1.2038928378275218,1.4016777340934201
Greater Glasgow and Clyde,2020-03-24,1.2722301762908068,1.0281931463577572,1.5188386941121403,1.1837706736079667,1.3708010784800384
Greater Glasgow and Clyde,2020-03-25,1.239995882831237,1.0012937721356023,1.46426152684771,1.1485085657541045,1.327353486118947
Greater Glasgow and Clyde,2020-03-26,1.199168475359734,0.978106786049401,1.4182562790761473,1.120118426051994,1.2899541622044746
Greater Glasgow and Clyde,2020-03-27,1.1569042390670687,0.9345266238834121,1.3790449925561592,1.0709750094888524,1.2435156891521473
Greater Glasgow and Clyde,2020-03-28,1.1227229199253443,0.913916399528472,1.3348699491682212,1.0428940382452667,1.2107326451470166
Greater Glasgow and Clyde,2020-03-29,1.0917656826091675,0.8865615691766976,1.3022392096955142,1.017951807715439,1.178622014706443
Greater Glasgow and Clyde,2020-03-30,1.064977827014618,0.8409559465151731,1.2555865061532836,0.9945417269506813,1.152717215474977
Greater Glasgow and Clyde,2020-03-31,1.053078932632046,0.8230457154178155,1.2490921373076125,0.9722022397721227,1.1323611821543442
Greater Glasgow and Clyde,2020-04-01,1.0392089149085744,0.8075698975228813,1.264668244514504,0.9525622935683458,1.118345858422639
Greater Glasgow and Clyde,2020-04-02,1.0181971085490154,0.7529751863778628,1.2917941115349523,0.9337714709019981,1.1186429609992514
Greater Glasgow and Clyde,2020-04-03,0.9998796195463009,0.7132794772604624,1.301539565730197,0.8826332862119669,1.0822133320675362
Greater Glasgow and Clyde,2020-04-04,0.9876924087413156,0.6681932073835453,1.3252883746704458,0.8657872021711988,1.086590015203297
Lanarkshire,2020-03-10,1.8121539621729958,1.0086870510502848,2.6186883873124462,1.4394315935130526,2.0608794786921063
Lanarkshire,2020-03-11,1.7678893146615768,1.0338846527323473,2.522670491496934,1.4477566197388052,2.014313916172702
Lanarkshire,2020-03-12,1.7367891805324789,1.0559486278748598,2.4328967584265646,1.4273630599037637,1.9398762593959926
Lanarkshire,2020-03-13,1.7286497034677981,1.1377675065018646,2.421048212609733,1.4279503951128532,1.9292574769304345
Lanarkshire,2020-03-14,1.7063183435310392,1.1060115770731203,2.3534642441065605,1.4310975979665586,1.902792024926731
Lanarkshire,2020-03-15,1.6796173465029096,1.098076930152562,2.2385761500111307,1.4491294646758455,1.878644370237553
Lanarkshire,2020-03-16,1.6541062593273006,1.1684987715867285,2.237030349052029,1.4056361046231254,1.8102535829976691
Lanarkshire,2020-03-17,1.6404442204084613,1.160927299612178,2.1974481817444174,1.414940660256289,1.806752701970653
Lanarkshire,2020-03-18,1.6082230543720364,1.1326788394916765,2.1173503476223434,1.3903462822618289,1.764103520443329
Lanarkshire,2020-03-19,1.5673170732331587,1.123583311775648,2.0083967418071937,1.3901380253978415,1.7341036673245735
Lanarkshire,2020-03-20,1.5169342072865941,1.0817844235238034,1.9307049443734248,1.3137913392847553,1.6555541827801583
Lanarkshire,2020-03-21,1.4666090878322966,1.0563459444987644,1.8432376062575155,1.3094852447668228,1.6238245569025682
Lanarkshire,2020-03-22,1.4182616385924547,1.0428288292811534,1.7867958858506556,1.2896849074235226,1.584999141417163
Lanarkshire,2020-03-23,1.3735276050010838,0.998839690316092,1.6997915002104906,1.2403635475593011,1.519580915228651
Lanarkshire,2020-03-24,1.3447205344266586,0.9900196508398719,1.6629975646153041,1.2079680318583839,1.4734907796754644
Lanarkshire,2020-03-25,1.3079107880205039,0.9930709050429113,1.6381299942014953,1.1782489599175534,1.423393887018676
Lanarkshire,2020-03-26,1.276816905833376,0.9392440948280724,1.585820916699452,1.177538087372726,1.4115538601896873
Lanarkshire,2020-03-27,1.2244093369152682,0.8886212800924175,1.514723490744735,1.1202092742462335,1.3592710577310474
Lanarkshire,2020-03-28,1.1830469850412548,0.8894650752896968,1.4819952142464314,1.0814800614826765,1.3135212768709215
Lanarkshire,2020-03-29,1.1316504843545825,0.8271874724132948,1.4006743293779833,1.0183123410457404,1.2425545519571883
Lanarkshire,2020-03-30,1.0973073461967466,0.8102849594551702,1.3899529947887432,0.9872794032630791,1.210449422448937
Lanarkshire,2020-03-31,1.0703322576530412,0.7676972286957401,1.3612105158874797,0.946024330820708,1.1743175154893872
Lanarkshire,2020-04-01,1.063521321925644,0.7578116432863251,1.3781101396263098,0.9521439215709295,1.186001195040601
Lanarkshire,2020-04-02,1.0835520796238263,0.7386688335544571,1.4365533499353083,0.9541245180276744,1.1868338388178916
Lanarkshire,2020-04-03,1.1212757430454725,0.7816718864415283,1.559946271262441,0.9513192285727878,1.2224137014976806
Lanarkshire,2020-04-04,1.1796683468854305,0.7481576913484794,1.7311575863470776,0.9919158222823135,1.316819768412955
London,2020-03-02,2.1145184253422085,1.7022896201931956,2.561289033491867,1.9313203170007038,2.2659924683805284
London,2020-03-03,2.0714855469942854,1.6793184245657098,2.479238170630008,1.9020800445927957,2.216527197162484
London,2020-03-04,2.0270600817056232,1.6808602527214318,2.432834436002556,1.848613867670778,2.145577403589159
London,2020-03-05,1.99135311323705,1.6446997985703697,2.3527223572870826,1.8408231704680154,2.118486165622052
London,2020-03-06,1.9495804052735721,1.6378463589304109,2.3096497137095815,1.782794213360029,2.0431885023877685
London,2020-03-07,1.9055133494170893,1.5987544693510933,2.23447296192352,1.7489755809641279,1.986021851198906
London,2020-03-08,1.8580240390223488,1.5813503574243593,2.1839748758659554,1.7163973995574966,1.9420410701863624
London,2020-03-09,1.803616067459072,1.531346524792735,2.105074219765288,1.6781379690903337,1.891082736814029
London,2020-03-10,1.7510853534795514,1.4965499401158322,2.0340121936335103,1.6218684115872943,1.828599616013749
London,2020-03-11,1.6974173421699665,1.4619315556056496,1.9660339573082122,1.5743612922844186,1.7703272598139257
London,2020-03-12,1.645592601746669,1.42442243590387,1.89632069798622,1.5256455443235417,1.713613951466262
London,2020-03-13,1.5956691370694893,1.3756803819249281,1.8286498264473567,1.489841872603427,1.6707737206126199
London,2020-03-14,1.540621347725164,1.3377897729286206,1.7623959760276253,1.4492385205377916,1.6153910638419131
London,2020-03-15,1.4954100559178618,1.3009506701463383,1.69243224713208,1.4015835619613586,1.5577505617012966
London,2020-03-16,1.4574772748475842,1.2838096253073137,1.6369910148394065,1.3613989854507633,1.505939981958536
London,2020-03-17,1.4307782019953037,1.2745505730603104,1.5950057531809112,1.3524540574213988,1.481832431773445
London,2020-03-18,1.41042617526726,1.2718083325302487,1.5577698817380035,1.341310786628125,1.458568351438572
London,2020-03-19,1.384504362955752,1.2515715918381087,1.5201071969739732,1.319596724521397,1.4292400927210904
London,2020-03-20,1.350294200580287,1.2269032811132967,1.4843536370679855,1.2879804006453879,1.3894370630996293
London,2020-03-21,1.313759698395471,1.1942009816063286,1.448337414219332,1.255967067358344,1.3546302221511999
London,2020-03-22,1.2766108563166747,1.1522481936066575,1.4133956462954362,1.2206603455444551,1.3206500645531138
London,2020-03-23,1.2444743770490423,1.1147598674425065,1.3697487655731944,1.196019482646385,1.2970545399167988
London,2020-03-24,1.2120117094595901,1.0893332554998667,1.3260528731248573,1.16173676559305,1.2557192380608797
London,2020-03-25,1.186259593053459,1.0695654744818954,1.2890408899599421,1.1449516310948684,1.2311182707264507
London,2020-03-26,1.1554192523862263,1.0514890745136563,1.2561403866858798,1.1179732709846852,1.198009288880743
London,2020-03-27,1.12024699999189,1.0183249444279445,1.2159996073506554,1.0863711933687734,1.1629895298362245
London,2020-03-28,1.0854305902537313,0.9748725943878148,1.1705986840907137,1.0551768757465065,1.1319802917065522
London,2020-03-29,1.0555908277792767,0.9484470082591143,1.1362665369804705,1.030407629317393,1.1045801788431404
London,2020-03-30,1.0298527309587049,0.9300637351618841,1.1045275837782247,1.004016381078107,1.0705968179231486
London,2020-03-31,1.008590816180103,0.9164767111148243,1.0732167674777573,0.9902081889608015,1.049950193004754
London,2020-04-01,0.9885324857078611,0.9117242462650915,1.0493332378215554,0.9690435075480164,1.0204142983586844
London,2020-04-02,0.9725723662231334,0.901471177812548,1.0278160400585417,0.9561323092490015,1.000942678345214
London,2020-04-03,0.9559718456867727,0.8830552889315029,1.015021821731164,0.9398531822471003,0.9821472904385401
London,2020-04-04,0.9376359210469523,0.8595671892791346,0.9992278974939514,0.9201789517940082,0.9654077841263233
Lothian,2020-03-08,1.6811897659723143,0.8608225666120964,2.5227486858814854,1.299999691131887,1.924986419999463
Lothian,2020-03-09,1.6587249245176134,0.9318518631734719,2.4496514772172877,1.3280347191755972,1.904777383212783
Lothian,2020-03-10,1.6871315514407355,0.9684062165449214,2.454760996686863,1.3586563251986257,1.9131357351809384
Lothian,2020-03-11,1.7439027898410127,1.0567358557875568,2.540717052644377,1.3742325026144204,1.9221482487654253
Lothian,2020-03-12,1.7829481769982634,1.143875971746666,2.549936321660125,1.4409879021546828,1.96452242395084
Lothian,2020-03-13,1.8219372434138719,1.1826408679722202,2.5058611267672846,1.5007598461248044,2.0075816592181592
Lothian,2020-03-14,1.8018129106776084,1.2125835838585082,2.462664545010943,1.4825800392043578,1.968149075588849
Lothian,2020-03-15,1.8004927609326886,1.2432196758601641,2.4240900994598356,1.5231251363399856,1.9766509523344253
Lothian,2020-03-16,1.7770745991021462,1.2378005139088106,2.3651023266268734,1.5257160557603766,1.9495398697273656
Lothian,2020-03-17,1.7512641750800317,1.2328081764618357,2.2650507530323765,1.536749093824373,1.9263759759462977
Lothian,2020-03-18,1.70032119354896,1.2215633830291055,2.1693065808696295,1.4790182361365611,1.8468203190612518
Lothian,2020-03-19,1.6641564330348388,1.2266720804066606,2.1105370011421982,1.4920542195079076,1.8275495472380305
Lothian,2020-03-20,1.6033398046217249,1.1690383929139747,2.000727602649461,1.4324208587150575,1.7639773281256592
Lothian,2020-03-21,1.5480115573157116,1.1654810875922657,1.944025878106883,1.4070581267000808,1.718952179148069
Lothian,2020-03-22,1.4984993927293773,1.116088649396093,1.857988316536525,1.3470285398250093,1.6379212308599929
Lothian,2020-03-23,1.4510194276611224,1.1130517403503426,1.803122745321115,1.3017037206547253,1.5683432377944189
Lothian,2020-03-24,1.4115986551078654,1.093401683441854,1.7437168338414402,1.291628518744906,1.544599342938628
Lothian,2020-03-25,1.3626189884087272,1.0551546571564405,1.6682328448053694,1.241490083791423,1.4827634454836953
Lothian,2020-03-26,1.3045803965090979,1.0001408571020747,1.5901324313859637,1.2019890870248677,1.4382540566432902
Lothian,2020-03-27,1.2578223712176748,0.9795634404655615,1.5319077029535566,1.1549892119647662,1.3758635115967675
Lothian,2020-03-28,1.2203562084031412,0.9464944433702105,1.4970234568719707,1.098123609696632,1.3119560305871998
Lothian,2020-03-29,1.1756655489573058,0.9009891572905112,1.450893834144127,1.0574520445193163,1.2679566248709644
Lothian,2020-03-30,1.1431793345463563,0.867680294500184,1.4062891287023942,1.0374413125713846,1.245463458747798
Lothian,2020-03-31,1.1203056759084586,0.8361340608588758,1.3841530504393562,0.9914071184479492,1.205454298018961
Lothian,2020-04-01,1.1050696091956347,0.8269619256246692,1.3927451012567682,0.9939888536116893,1.2165578943415079
Lothian,2020-04-02,1.1029827214965038,0.787076708342309,1.3966841147645013,0.9894786681906065,1.214309316616698
Lothian,2020-04-03,1.0929160724261435,0.7572372985236249,1.4713620898962232,0.9509106872128513,1.1973740294670803
Lothian,2020-04-04,1.1044399932775462,0.7234009332130853,1.5340977133186329,0.9106276237232241,1.1983554248426582
Midlands,2020-03-02,2.147578687894053,1.6235974590626818,2.743483261140848,1.8920257058280576,2.331882363726947
Midlands,2020-03-03,2.1149169446860716,1.6204452877413784,2.6574324294589666,1.8706444665430972,2.271410194336424
Midlands,2020-03-04,2.0960007788956547,1.6159295470291128,2.588978325765436,1.8663600030792251,2.241027055442651
Midlands,2020-03-05,2.085308539552911,1.6760225898268966,2.5647390138967756,1.8728332943949129,2.229291355572883
Midlands,2020-03-06,2.061771516387431,1.6788568106231267,2.520506495283714,1.865017425313276,2.1937023581448045
Midlands,2020-03-07,2.046195455953898,1.6580655695000817,2.4749815581807684,1.8385736384918687,2.159434292687571
Midlands,2020-03-08,2.0186733554873793,1.6520436491471524,2.4268869836179716,1.8167380152301202,2.1233671021572365
Midlands,2020-03-09,1.9845520159946708,1.6639707120950193,2.3776271905179898,1.8035629508988513,2.083894777624577
Midlands,2020-03-10,1.9464020249861531,1.6363592537257319,2.3178986017177365,1.7938707215863878,2.05436203695904
Midlands,2020-03-11,1.9025155267727458,1.6171265630606577,2.2611366519056166,1.732735725479604,1.9833710895337657
Midlands,2020-03-12,1.8620913025407173,1.5750081770227955,2.180122862312798,1.7147636126137789,1.9490430650531927
Midlands,2020-03-13,1.814102704226366,1.5600669108932876,2.112954704203362,1.6776390884961156,1.8982233306815077
Midlands,2020-03-14,1.7649180397363478,1.5045990685796145,2.041851426856749,1.62184062176755,1.8323484459479733
Midlands,2020-03-15,1.7131388836358266,1.472585980753107,1.97750898591964,1.5989220627932517,1.7966925549583503
Midlands,2020-03-16,1.6599113542582984,1.4435358907704228,1.9144524719569893,1.5562288239135083,1.7411879928316207
Midlands,2020-03-17,1.610626443134135,1.3934265260067829,1.8507463115164073,1.5007953265139595,1.6778797417779665
Midlands,2020-03-18,1.5555385792512157,1.3540504005414407,1.76975730124534,1.4506634964059277,1.6170526294320773
Midlands,2020-03-19,1.5031099367218368,1.309035729925101,1.7019966562193318,1.4049842684778169,1.5595090393730242
Midlands,2020-03-20,1.450011046007245,1.2778271530325953,1.6501429526848708,1.3705212222989946,1.5176529895803528
Midlands,2020-03-21,1.4013688625688538,1.2238140895092238,1.57081241386891,1.3135037073492482,1.4516408932045648
Midlands,2020-03-22,1.3513092455783933,1.2013077278285098,1.5227421465805078,1.278225714331124,1.4092861826812022
Midlands,2020-03-23,1.3142496810073716,1.1707339636412089,1.475227111612207,1.253386464461946,1.374364253211568
Midlands,2020-03-24,1.2832362819809298,1.1424027639396466,1.4178223150297782,1.2208944008009968,1.331362921778288
Midlands,2020-03-25,1.2530487884753625,1.1236892234063716,1.3803258825172808,1.1953674990757288,1.2951215817191772
Midlands,2020-03-26,1.2219779360077165,1.1034384140473688,1.3403949002161533,1.1789616444705375,1.2715618898612078
Midlands,2020-03-27,1.1872172227650735,1.0791152294268143,1.3046880561739906,1.1404449221931006,1.2312838037152123
Midlands,2020-03-28,1.1483755227299075,1.0316762477074035,1.2558142661929048,1.1090776841228684,1.2017137714482997
Midlands,2020-03-29,1.1066902430150167,0.9874101612232609,1.211070163619072,1.0574137399515746,1.1554928973176213
Midlands,2020-03-30,1.0655122159838717,0.9453147788270875,1.1720263584589852,1.0222507242597114,1.1235451746458487
Midlands,2020-03-31,1.0341315602484742,0.9145749842626761,1.138806658638495,0.9963103669799827,1.0928544391496537
Midlands,2020-04-01,1.0142602425284504,0.9101261232708547,1.10977510558363,0.9799414663189804,1.0653246622885062
Midlands,2020-04-02,1.0071865043549564,0.9089096951495608,1.0877640306367649,0.9780004503942148,1.0490157628091
Midlands,2020-04-03,0.9979645529998749,0.906458271251371,1.0798118726867116,0.969522182017711,1.0324674010957267
Midlands,2020-04-04,0.9878185736127274,0.895357480434928,1.0755162497688877,0.955984920409809,1.0195459730690144
North East and Yorkshire,2020-03-02,2.1047631239186755,1.4734979132231212,2.759205751787816,1.8373459089545252,2.3369654824625634
North East and Yorkshire,2020-03-03,2.080370413918148,1.517128336763496,2.704204555077049,1.78132975731065,2.2489179392591043
North East and Yorkshire,2020-03-04,2.06141448489488,1.4999737513830147,2.6140118891278954,1.7937806614638876,2.2181268083655468
North East and Yorkshire,2020-03-05,2.0461908179659334,1.5648984613599688,2.614605302984128,1.7964768529149693,2.201643347923818
North East and Yorkshire,2020-03-06,2.034285947793908,1.5840776362658804,2.5427973786925016,1.816360260775995,2.1928111468791984
North East and Yorkshire,2020-03-07,2.01494189286381,1.5832408290309057,2.4881534418175213,1.815966660096674,2.1618181877113343
North East and Yorkshire,2020-03-08,1.9922693185543099,1.597793954020919,2.456989993561687,1.7817141618411427,2.1085399545952654
North East and Yorkshire,2020-03-09,1.973025966585666,1.6000763951919046,2.4042662506853327,1.7783506548105632,2.0911986982606896
North East and Yorkshire,2020-03-10,1.9461854548019792,1.5958899895603365,2.3584949136162807,1.7619335282438593,2.0528766481889407
North East and Yorkshire,2020-03-11,1.9229332054559194,1.5732587783216674,2.30063078629995,1.758841237700045,2.0341726453472027
North East and Yorkshire,2020-03-12,1.8954543645534412,1.5474713310284798,2.250030326809959,1.7543829872535643,2.0186631691219903
North East and Yorkshire,2020-03-13,1.8563481428334554,1.5521841796183338,2.186574195239355,1.7060503554200688,1.9554000577662163
North East and Yorkshire,2020-03-14,1.8179289925242477,1.5258559132888183,2.12673064180414,1.6713927395273602,1.9079376937633894
North East and Yorkshire,2020-03-15,1.7790467210396423,1.4891107299829813,2.060831466102005,1.6495133602721808,1.8766308076150873
North East and Yorkshire,2020-03-16,1.7425883425940911,1.4714534831198915,2.023103856285224,1.6395708310282844,1.8606049984132074
North East and Yorkshire,2020-03-17,1.7070652370744221,1.4499333308563915,1.9776094805696534,1.5821864511689945,1.7886052568197608
North East and Yorkshire,2020-03-18,1.6722906759820169,1.412777151229087,1.9195171323822757,1.5629583108247904,1.7600263939832559
North East and Yorkshire,2020-03-19,1.6228842168875572,1.3994907755017836,1.864659881931407,1.512106037442883,1.6933059207124708
North East and Yorkshire,2020-03-20,1.5717658574363154,1.350106991036858,1.7897247079267073,1.4690271056544941,1.6415916633832237
North East and Yorkshire,2020-03-21,1.5154868629532505,1.3084272573583746,1.7301476880605027,1.4327010660869215,1.594187369238867
North East and Yorkshire,2020-03-22,1.4529852147946911,1.2536469549314089,1.6516628282421562,1.382793187318129,1.538153806440338
North East and Yorkshire,2020-03-23,1.4019880802974483,1.2169667369039259,1.5823183638372882,1.3244274456443266,1.468756842733802
North East and Yorkshire,2020-03-24,1.35836179144122,1.203292468034795,1.5377696511305936,1.276468150181147,1.4089740311757062
North East and Yorkshire,2020-03-25,1.32028444047756,1.1671498885455294,1.4786574208493837,1.248745150995505,1.3727691136543019
North East and Yorkshire,2020-03-26,1.2869727209653723,1.1414694482090861,1.4273745823581396,1.2182276997857724,1.3336617488106306
North East and Yorkshire,2020-03-27,1.2535923566543654,1.1188262215926257,1.3938068582412644,1.1949185830184406,1.3035739274692326
North East and Yorkshire,2020-03-28,1.216473482291395,1.0772338679255133,1.3372356096449054,1.1572893503018262,1.2625911441714717
North East and Yorkshire,2020-03-29,1.180126501985654,1.0519261197899672,1.295947299058621,1.1214465718686553,1.2229749377240653
North East and Yorkshire,2020-03-30,1.1474482388514686,1.0302214932196723,1.2647333961703204,1.1010419641791296,1.1968035008500828
North East and Yorkshire,2020-03-31,1.1169540569648397,0.997906360536349,1.2244911425573022,1.0767233228628335,1.1692838410043636
North East and Yorkshire,2020-04-01,1.0874766836151053,0.970333053688681,1.18892188962141,1.0499971222275577,1.1390615113775995
North East and Yorkshire,2020-04-02,1.0680458070753704,0.9553663833303521,1.1658215306982107,1.0331780129996198,1.117846637254058
North East and Yorkshire,2020-04-03,1.0408275528906223,0.925975312313008,1.1422895606505106,1.0021103758232368,1.0892470377581185
North East and Yorkshire,2020-04-04,0.997703097593424,0.8694902294854169,1.1059439538450297,0.9703771871228472,1.065696780855594
North West,2020-03-02,2.03350486623159,1.452153498708203,2.6751915019138317,1.7611113216422167,2.236057911497634
North West,2020-03-03,1.9965630239262444,1.4730756353924053,2.6382456873783444,1.7258547669924293,2.1829360294009112
North West,2020-03-04,1.9993712854548344,1.49950375709314,2.546348954724652,1.7658044258194474,2.178436599220019
North West,2020-03-05,2.0020559178230553,1.554510426729891,2.533135244692054,1.7576555221672872,2.1500200151752495
North West,2020-03-06,1.9966649958228695,1.5589956574814992,2.4758843131086583,1.7524305511805853,2.1199106782548043
North West,2020-03-07,1.9983531871246618,1.5562862840957066,2.4415535418407175,1.8063567664199802,2.1615191963476046
North West,2020-03-08,1.9881494447756614,1.5737695285180098,2.4332167976927304,1.8171751780676813,2.1514535460995927
North West,2020-03-09,1.97606946895106,1.5921082217131564,2.4112833568557557,1.8050808885962077,2.1306100460182806
North West,2020-03-10,1.9549482328485683,1.5708094044268073,2.370885718313175,1.7714789838014593,2.0739442813735747
North West,2020-03-11,1.9269070543521716,1.566494737294221,2.3171745140722897,1.7494172141719717,2.0419474361371788
North West,2020-03-12,1.8845719198429212,1.5534845751217885,2.2655634281846817,1.6859078582746194,1.963926590325788
North West,2020-03-13,1.84654278800611,1.516991460260713,2.199304554354641,1.6974108264875456,1.9623937560672782
North West,2020-03-14,1.811494183186937,1.5245949428940802,2.158352554457807,1.646359257710147,1.8913097396856815
North West,2020-03-15,1.7863567491178576,1.5256445191046792,2.116494587047894,1.6388793429145903,1.8673226695844916
North West,2020-03-16,1.7633208584298639,1.5001139426674082,2.0564507217660077,1.6316289204014558,1.845298565700254
North West,2020-03-17,1.7375002033326727,1.4915355440897955,2.0197850336280756,1.6061313353300026,1.8105129623440108
North West,2020-03-18,1.707797256723222,1.4699508769918346,1.9705489658324686,1.5999017756548068,1.791492792632848
North West,2020-03-19,1.6782458267067004,1.4519452555067915,1.9468516858322191,1.5509694816628978,1.7379935047508355
North West,2020-03-20,1.6395040839036952,1.4166813020078097,1.887226370943392,1.5469450615659817,1.7203568730865044
North West,2020-03-21,1.5977468941771422,1.4059653835050678,1.8310065728808516,1.488268514737994,1.6524694040618737
North West,2020-03-22,1.5612862582840203,1.3619188427209563,1.7734857263020367,1.4627231083493684,1.6183415998350899
North West,2020-03-23,1.5203720828314016,1.3314799415539216,1.7373145570949482,1.4277244118466936,1.5768063910426329
North West,2020-03-24,1.4796925923502124,1.3009578881124184,1.6869316974064703,1.3926065057211652,1.5361923721421469
North West,2020-03-25,1.4422757158984059,1.2703666383033123,1.6312778366132932,1.3630801599169624,1.502740775208681
North West,2020-03-26,1.401098530844426,1.2291334984061946,1.5757091696216226,1.3233358349016309,1.4545070819344414
North West,2020-03-27,1.357729130027995,1.2011315636407207,1.5213875665350711,1.2915573758936478,1.4153023402558083
North West,2020-03-28,1.3098766979880547,1.1537677738954697,1.4559838617151535,1.2467629495619275,1.3640463173678046
North West,2020-03-29,1.2589603809595258,1.1193833789045469,1.4018603851468512,1.2043214205800161,1.3165035144219301
North West,2020-03-30,1.212554155231584,1.0763710856664614,1.3560024114254374,1.162837227774673,1.2718977333289112
North West,2020-03-31,1.1670760905360593,1.0303060145619058,1.295094230104904,1.1076645498330504,1.2156286076016458
North West,2020-04-01,1.1276667449181814,1.0009791690593413,1.2478708007243267,1.0745668627063454,1.175062194478179
North West,2020-04-02,1.1026836665907092,0.9855439292924876,1.2122365524222611,1.059743036106398,1.1507024508291073
North West,2020-04-03,1.0900322175769404,0.9719429389049492,1.1894031351477727,1.0507886578534542,1.1317867644820185
North West,2020-04-04,1.077517063346967,0.972754830211071,1.1885033085828818,1.0397273366350281,1.1209681667983926
Northern Ireland,2020-03-05,1.8664154615336508,1.1329044691019836,2.6425464303502477,1.4967460120928642,2.0799067498459123
Northern Ireland,2020-03-06,1.8235560881219341,1.125748822852307,2.525260628629865,1.5458720699100441,2.0857935464497332
Northern Ireland,2020-03-07,1.7981771325125386,1.1710139632151386,2.461810264531104,1.49949311933433,2.0010742935124006
Northern Ireland,2020-03-08,1.767171973836875,1.1612414214754436,2.4195356474826415,1.4666640267461533,1.9325928760686935
Northern Ireland,2020-03-09,1.759195754439534,1.1597987940047114,2.338494573581776,1.5080296668631525,1.950428136102826
Northern Ireland,2020-03-10,1.7421142065524369,1.1924739784829885,2.3003956334606537,1.4725520608412754,1.8935569587662027
Northern Ireland,2020-03-11,1.7400374972505346,1.2405115974729737,2.2534064032492034,1.511201718737455,1.8961161576194896
Northern Ireland,2020-03-12,1.7433648297849271,1.3128924876536223,2.256355798299121,1.5315126669642882,1.894711425796004
Northern Ireland,2020-03-13,1.739183047626053,1.3077714748610758,2.2451274369428753,1.5122813284049057,1.8705729694501596
Northern Ireland,2020-03-14,1.7209198481571124,1.3047613953305668,2.1774293653574537,1.5336476895510653,1.8568791225736523
Northern Ireland,2020-03-15,1.710322822584021,1.3383861235463643,2.142685861841656,1.5304820447370866,1.836487887024373
Northern Ireland,2020-03-16,1.6880378352334588,1.3071996722120243,2.0873424437744643,1.5237913377851533,1.818427483137719
Northern Ireland,2020-03-17,1.6579821098666985,1.2966759613176873,2.03420573496505,1.4752494417826907,1.7656107796564637
Northern Ireland,2020-03-18,1.6240654285508564,1.2946930142308262,2.0311033321165155,1.4728390624658274,1.7511441078205714
Northern Ireland,2020-03-19,1.5983237740354976,1.2748664937250906,1.92820778943993,1.4583888968312566,1.7159252649341508
Northern Ireland,2020-03-20,1.559215428785926,1.2647847574679734,1.8698382172846795,1.4273400808100896,1.6685067193440513
Northern Ireland,2020-03-21,1.5068829868175158,1.2257689081101046,1.8035037154269182,1.3951796870272046,1.630685466501223
Northern Ireland,2020-03-22,1.4548249929664512,1.1835695010168839,1.7229737112634058,1.3406160114022332,1.557262852526787
Northern Ireland,2020-03-23,1.4039067248119657,1.1616291506814793,1.6826407311252014,1.2801218725005457,1.490605797610545
Northern Ireland,2020-03-24,1.340676467067703,1.093034091290241,1.5915561213571612,1.2490930443942887,1.4444497762837176
Northern Ireland,2020-03-25,1.278925200017213,1.0252730833244421,1.5097482379021465,1.1925212202895104,1.3860279433596847
Northern Ireland,2020-03-26,1.2321044277858393,0.9974171465641564,1.45189841400945,1.160737588980189,1.3410299185831736
Northern Ireland,2020-03-27,1.1870919492294116,0.9655200256890707,1.3786758976976992,1.0972053824049801,1.262993364236435
Northern Ireland,2020-03-28,1.1476031989057631,0.9420458650597144,1.3472346106446063,1.0729369645149955,1.2344703287865477
Northern Ireland,2020-03-29,1.1186054302616024,0.9211284118070883,1.3200104973797506,1.0372250982077043,1.192585713097951
Northern Ireland,2020-03-30,1.0921768006390198,0.9067251113290681,1.2856512951869885,1.026080191986942,1.1776522253688677
Northern Ireland,2020-03-31,1.0880980656318096,0.8952161062353626,1.2778565092837377,1.0166094626288789,1.1668747542457056
Northern Ireland,2020-04-01,1.0946768410214354,0.894261485257403,1.2876066465004838,1.022970869944698,1.1707699176106336
Northern Ireland,2020-04-02,1.0972374327278107,0.8811240402222495,1.325816744818947,1.0098292703061147,1.1731797378311213
Northern Ireland,2020-04-03,1.1028309985486064,0.8717307727109717,1.3673812948970478,0.995421132946267,1.1726525998594306
Northern Ireland,2020-04-04,1.0934265797293414,0.8266476915839454,1.3742952389574101,0.9861622191035341,1.1852773825988252
South East,2020-03-02,1.9837256185551504,1.4852747134103454,2.5460540463730825,1.7502693828742222,2.1502104782170846
South East,2020-03-03,1.9381534098263973,1.491639140066667,2.4781270652274014,1.7128969148618693,2.0900749173259765
South East,2020-03-04,1.9054757359083918,1.4775320088523,2.40443230260206,1.708832957729933,2.063893159547757
South East,2020-03-05,1.8881604515085275,1.4867681233615837,2.3382314182931854,1.6836740874512732,2.018458254411612
South East,2020-03-06,1.8724478104116242,1.5164942684892964,2.289586707409201,1.6962474201414122,2.01217918830901
South East,2020-03-07,1.8541112742802943,1.4985247326348563,2.2393145325266657,1.6693140667635937,1.9668819257322774
South East,2020-03-08,1.8270892344769347,1.4881583583697195,2.1893090429678574,1.6546481590063897,1.9322399489395716
South East,2020-03-09,1.807652338720676,1.4872515026696833,2.172400462197849,1.6543855712140882,1.9168905078737812
South East,2020-03-10,1.796558890679656,1.4832889733447256,2.1241828290566858,1.6502490687242706,1.9036984186566217
South East,2020-03-11,1.7764194577294337,1.5036664042426817,2.120072620779713,1.6330176986719789,1.8722610189815432
South East,2020-03-12,1.7599490075534625,1.4903296968767323,2.078097443627911,1.636658873287898,1.8696844089070543
South East,2020-03-13,1.7333151331373924,1.481345543444031,2.03308167353375,1.600576171334374,1.8177899813201222
South East,2020-03-14,1.7024218250881251,1.4602119616071247,1.9790226478198798,1.560134125531104,1.76790505344995
South East,2020-03-15,1.6802447838689583,1.4423106816965636,1.9552450977198204,1.5688954573717793,1.7669801138500825
South East,2020-03-16,1.6601345906521965,1.41809598784165,1.9231901264827793,1.5431672481233214,1.7385965371988792
South East,2020-03-17,1.6347906244849,1.4033450720311762,1.8791697732537076,1.5332610447743338,1.7137938947714144
South East,2020-03-18,1.6058105335240964,1.3886340160156263,1.8432048687105294,1.4883978802175015,1.662761638391366
South East,2020-03-19,1.5666260265350611,1.3548351282786033,1.7899303118925742,1.4744144173752693,1.6392876931806324
South East,2020-03-20,1.5164026196755485,1.3153470394630977,1.7291300705765296,1.417107047146056,1.5809367833177552
South East,2020-03-21,1.4577272181295822,1.2699477649148294,1.6583542473731367,1.3617636700382352,1.5127741961170387
South East,2020-03-22,1.4037341014559006,1.2223962915108646,1.5914407962542028,1.3090931125065481,1.4613400084266017
South East,2020-03-23,1.3628120791639262,1.1916474636304177,1.5431890285483414,1.2802837433992709,1.4182142077297633
South East,2020-03-24,1.339081445229506,1.1886887831569297,1.5003328257459354,1.271036135094939,1.3974689292847
South East,2020-03-25,1.3132876094245427,1.1715742207023359,1.4625130184185713,1.2487342923821836,1.3630187275927848
South East,2020-03-26,1.2840609087780444,1.1524800641524056,1.4250304656834636,1.2258982875430064,1.333573046575637
South East,2020-03-27,1.2442495554761714,1.1173935137139726,1.3731111778443688,1.194384547423258,1.2943406208338453
South East,2020-03-28,1.209488949236903,1.080312771242911,1.3284406451854067,1.1616514176185124,1.2597787357919035
South East,2020-03-29,1.1841889605941267,1.0679696203117193,1.3024069467420485,1.1295602024126083,1.2234852329172603
South East,2020-03-30,1.1665143362260224,1.04906455770442,1.2707436144268818,1.1285236307071924,1.218670624021584
South East,2020-03-31,1.1449853216117827,1.03209490825674,1.2449041916530017,1.09951245977691,1.1838790078953836
South East,2020-04-01,1.1227665471573594,1.0202144977279677,1.2233488879466838,1.0824191715880422,1.1619295056801284
South East,2020-04-02,1.08935825840146,0.9731436743436049,1.1888255308138436,1.0532311895446425,1.1367675481472908
South East,2020-04-03,1.043733070375648,0.9101546119301291,1.1494792706086614,1.0013875821224194,1.094250647481163
South East,2020-04-04,0.9907896770473383,0.8355648063178358,1.104159219571017,0.9573998565513459,1.0672670066368943
South West,2020-03-02,1.8002272248299114,1.0711792836636036,2.4859687557763865,1.4881564879557154,2.045140162835349
South West,2020-03-03,1.7425486492829427,1.1279558470296998,2.442410679871993,1.4880676657111158,1.9916398912105957
South West,2020-03-04,1.7446007731533282,1.1440369936636254,2.3474791538916326,1.4652994680936744,1.941163852505689
South West,2020-03-05,1.7561827840952717,1.2163294856111135,2.3472769802136666,1.4837903690348537,1.9226594475339092
South West,2020-03-06,1.7925416503866978,1.2755998269324473,2.3621246830177,1.54600830603554,1.952158442558226
South West,2020-03-07,1.8335413958944322,1.3405631033087473,2.387237599437526,1.6082317702856945,2.005830764614197
South West,2020-03-08,1.8410880360802353,1.367993619410748,2.3796206751305373,1.6130143317107686,2.0046368792400058
South West,2020-03-09,1.8382634836939804,1.394985124322062,2.3806064372558216,1.6234708678245278,1.9879076199049046
South West,2020-03-10,1.8159884385849954,1.3835307325995794,2.2655352251050367,1.6307943644602374,1.9705176481323803
South West,2020-03-11,1.7931724230962782,1.4004387190588103,2.2106087456719083,1.6276052459042247,1.9379232634466284
South West,2020-03-12,1.7415168693777114,1.3738327081710429,2.154156289850797,1.5646208515862075,1.8682261181916164
South West,2020-03-13,1.7063253354575625,1.3471348731780348,2.087344386194499,1.5313290072671142,1.8221170630666532
South West,2020-03-14,1.6600968338759428,1.3170543614528512,2.015458939460844,1.5059715154403037,1.7855607545645826
South West,2020-03-15,1.6273397136997687,1.3098350121366678,1.9715410647694158,1.4833871956898004,1.7474181406085019
South West,2020-03-16,1.6037754679568055,1.3014953319321392,1.9286203883042896,1.4658957797101655,1.7066928352800896
South West,2020-03-17,1.5744168947854265,1.2951996682775813,1.8795044328291153,1.4502932519126415,1.6763382295188003
South West,2020-03-18,1.5598884069714911,1.277198476567936,1.837927561790814,1.4283605957141177,1.6433137351893352
South West,2020-03-19,1.534777248870068,1.2650718306432032,1.805310978940414,1.4176575300100371,1.6252752516802775
South West,2020-03-20,1.4963094962871182,1.2420942385301357,1.7386924302886773,1.3978350321925401,1.5893134393968011
South West,2020-03-21,1.460407354660747,1.2143015723733177,1.6929920660461764,1.3554079561768677,1.5331114268355484
South West,2020-03-22,1.4347412792788,1.2112267805482704,1.6533982289664626,1.3373273195877717,1.5078235967631672
South West,2020-03-23,1.402173632943129,1.1922257388952033,1.620117160404773,1.3160517255500495,1.4765288379972112
South West,2020-03-24,1.371025131923956,1.1592574866681018,1.5856641124177815,1.2881875141414936,1.4495142519550306
South West,2020-03-25,1.3405556788308637,1.151893017791339,1.5395489710116304,1.2621120284107457,1.4138096385399652
South West,2020-03-26,1.3145456579646102,1.137680118082955,1.5005349965049024,1.245384684477863,1.3832276743317546
South West,2020-03-27,1.284107657722286,1.1097766073170867,1.4552477548264788,1.2181861546437234,1.3491734872795087
South West,2020-03-28,1.251217018941587,1.0795220127040497,1.4260060150820666,1.1930857750516357,1.3237914183912691
South West,2020-03-29,1.226605759650258,1.0617944828834887,1.4031568601130342,1.162984504799354,1.2941983394201433
South West,2020-03-30,1.2000321767295965,1.0344607231483738,1.3603917829078334,1.136618058655773,1.261276582023932
South West,2020-03-31,1.17475338216307,1.0167178535654307,1.32986556948605,1.108924293361239,1.2256777545200865
South West,2020-04-01,1.1562921549390834,0.9964579263992035,1.3110218655007424,1.0934654950632872,1.211910099441721
South West,2020-04-02,1.1516847005479511,0.9868213528459547,1.3236619796623534,1.084921005427243,1.2090058036895914
South West,2020-04-03,1.157490105241164,0.9925381230784982,1.3495453927740815,1.0969891306610908,1.2236832674682854
South West,2020-04-04,1.1470355069252105,0.9486405161618561,1.3394377448425296,1.071932504602507,1.2075760608115134
Tayside,2020-03-09,1.7801276668729993,0.9030990140916966,2.717510423483632,1.3244900312173926,2.016266561661143
Tayside,2020-03-10,1.7624257986188894,0.9783961090478164,2.6704824561413494,1.3613599190915293,2.0283812066257987
Tayside,2020-03-11,1.7426964058657823,0.9870940561029996,2.5406118516675846,1.3901097826946098,1.9946894917798597
Tayside,2020-03-12,1.738018433571105,1.038487556778873,2.5407121274511075,1.4330400444887799,1.9931349435534191
Tayside,2020-03-13,1.7610478489305323,1.077731559436867,2.5224957766111364,1.4198415701428406,1.975899555866049
Tayside,2020-03-14,1.7818224764195238,1.1594904376217894,2.4993359843933938,1.436736710682859,1.9565749753163584
Tayside,2020-03-15,1.7855616505063105,1.1393687272602686,2.443689565467216,1.468989781109691,1.9657511143155915
Tayside,2020-03-16,1.7859394731822043,1.2008501082262562,2.4149283675843436,1.553449645313283,2.015331554312607
Tayside,2020-03-17,1.7651274427007977,1.2088704430255484,2.3709634741429495,1.5453241547817358,1.981348499001369
Tayside,2020-03-18,1.7448507234613428,1.2670212884328371,2.313910347591009,1.5213225291849692,1.9145699779583345
Tayside,2020-03-19,1.7202494356875078,1.245935594886706,2.251653600980049,1.508582578961089,1.8904830421016936
Tayside,2020-03-20,1.6910611362672299,1.249763937424932,2.183476414068443,1.504610229404672,1.8654193284857221
Tayside,2020-03-21,1.654035911568264,1.2185497580535514,2.1043245677954086,1.4568240257129763,1.8026369221031278
Tayside,2020-03-22,1.5959685028595456,1.187622551063098,2.047045339695211,1.4357670728123664,1.7615816360962877
Tayside,2020-03-23,1.5526614885595171,1.1801938431421872,1.963087856408481,1.3917216746387655,1.697935292488192
Tayside,2020-03-24,1.5254610992558233,1.1232881953127378,1.8734255786417948,1.3455787818751779,1.6399541445796217
Tayside,2020-03-25,1.4629645912025406,1.1151579590148517,1.8183299785486875,1.3388407231553354,1.618915374856978
Tayside,2020-03-26,1.3706261191476534,1.0197651619689807,1.667572074902538,1.2416761924690884,1.5025316998780318
Tayside,2020-03-27,1.2779376914697362,0.9591145305814284,1.5908060058751392,1.1555128163283204,1.4067614193686868
Tayside,2020-03-28,1.207888188818965,0.8864988423097477,1.4957985894138068,1.0977937532799373,1.339660426720455
Tayside,2020-03-29,1.1592584979395908,0.8491927663365253,1.4394551057342988,1.0365726234602561,1.270840557309289
Tayside,2020-03-30,1.1243625486595037,0.814688229049795,1.3979056619318422,1.0147004880105532,1.2391151967960743
Tayside,2020-03-31,1.1196667541795244,0.8148569196848189,1.4034032302126869,1.0008973944959383,1.2239813478347146
Tayside,2020-04-01,1.1203395201695279,0.82693632976871,1.4499578234924844,0.9897822246432405,1.2169736296155302
Tayside,2020-04-02,1.1223443313496404,0.7902867794148267,1.4983758696275404,0.971853726828315,1.2250569406377212
Tayside,2020-04-03,1.135183897957342,0.7955639580768256,1.5749094970886535,0.9562052384785833,1.238701483453111
Tayside,2020-04-04,1.132028005923857,0.6893341547010745,1.65856984781004,0.9202726675757227,1.2631529916864896
Wales,2020-03-04,2.0906777658132527,1.4608149216120723,2.723252729457835,1.8274463350703103,2.3246704504219977
Wales,2020-03-05,2.0441350791935182,1.494947624195201,2.6555270623461937,1.8128815163613614,2.2595884896747953
Wales,2020-03-06,1.9982819518064243,1.5008427433098472,2.536234330084742,1.7909784246324092,2.18999232630874
Wales,2020-03-07,1.9451357805034108,1.4854077288788723,2.439252588061649,1.7270565485074,2.1012868870814883
Wales,2020-03-08,1.8992934381884927,1.4732466373170479,2.3404724359630955,1.7170681193534167,2.0474537400547157
Wales,2020-03-09,1.8520297068295248,1.4522004110207032,2.2721772048678646,1.660463581906173,1.9819639672550657
Wales,2020-03-10,1.8113302174973396,1.4313138454557204,2.2080158155724687,1.6510479225290033,1.9584960273803986
Wales,2020-03-11,1.7810858179903581,1.4558482056161277,2.164787239604684,1.6326309300018784,1.9083804365474915
Wales,2020-03-12,1.7657364172161467,1.4544348212475278,2.113174672494274,1.6051155063883824,1.8660413219461642
Wales,2020-03-13,1.747177409870016,1.4290833201703381,2.0770074852189553,1.5957611520827923,1.8422189820620887
Wales,2020-03-14,1.7324959782396516,1.4553122559586331,2.058422178809716,1.5841057431745464,1.822203185084302
Wales,2020-03-15,1.7089363660114396,1.4202043474620547,1.9981502496761607,1.5630227718471967,1.7893624286582361
Wales,2020-03-16,1.662575936482262,1.393366202538572,1.9426702887512655,1.5575734325291322,1.77040643843467
Wales,2020-03-17,1.616717459673922,1.3774622382804989,1.8931931367950916,1.5033824241099663,1.7005380236488095
Wales,2020-03-18,1.5732046358071938,1.3359378501617067,1.8155377591315272,1.4622841856889524,1.6538110620057642
Wales,2020-03-19,1.5317360787523029,1.3166364456422492,1.7708007019327963,1.4348840657048823,1.6142090375738296
Wales,2020-03-20,1.4928753495728175,1.2871995081263743,1.7173981760040193,1.406419239488872,1.574051707817147
Wales,2020-03-21,1.451282762686136,1.2540810340216724,1.6634260954855877,1.3711457766849344,1.528610568900795
Wales,2020-03-22,1.410797055451289,1.2213028302783864,1.6067982860535084,1.326899695214572,1.4766273712689044
Wales,2020-03-23,1.3725845354204353,1.180708319585978,1.5454553677083207,1.2940049732031849,1.4348701747908652
Wales,2020-03-24,1.3422126918180826,1.1793182734974026,1.5119366791996347,1.2687431291947155,1.400808248251748
Wales,2020-03-25,1.311929585127837,1.153177906199872,1.4644738895274525,1.2470387245907844,1.3666384057094694
Wales,2020-03-26,1.2817138893362048,1.1278776308928216,1.4274097403567698,1.226194969856901,1.3436478593285885
Wales,2020-03-27,1.2477934756057774,1.0915833189814963,1.3846453183838214,1.1910308452429932,1.3050504562907543
Wales,2020-03-28,1.2043067052019478,1.0596204721895701,1.341790044314277,1.1517201330980278,1.2653403506490173
Wales,2020-03-29,1.1587932300824537,1.0075085425819414,1.2881742376429097,1.1073802660761605,1.2222146169040433
Wales,2020-03-30,1.1092544908006035,0.9668750828249729,1.2378161362866902,1.0656283598299419,1.1809323439697135
Wales,2020-03-31,1.0704485903663654,0.934731944763405,1.1982325630837227,1.0214487005991146,1.133999048289179
Wales,2020-04-01,1.0527102809929867,0.9126501055677926,1.171363368762833,1.0167540875765173,1.1230810694003945
Wales,2020-04-02,1.0494757593450872,0.9221248085862926,1.1663064019089036,1.0121613453874698,1.1076463751738235
Wales,2020-04-03,1.0601479296095238,0.92844819427286,1.188705012752662,1.011170706896224,1.1026728300953705
Wales,2020-04-04,1.0864149589191259,0.957417727463475,1.2519804229628364,1.022559165976568,1.123394932164313
