region,date,median,lower_90,upper_90,lower_50,upper_50,confidence
Baden-Württemberg,2020-01-05,1,1,1,1,1,1
Baden-Württemberg,2020-01-06,0,0,0,0,0,1
Baden-Württemberg,2020-01-07,0,0,0,0,0,1
Baden-Württemberg,2020-01-08,0.5,0,1,0,1,1
Baden-Württemberg,2020-01-09,0,0,1,0,0,1
Baden-Württemberg,2020-01-10,0,0,1,0,0,1
Baden-Württemberg,2020-01-11,0,0,1,0,0,1
Baden-Württemberg,2020-01-12,0,0,0,0,0,1
Baden-Württemberg,2020-01-13,0,0,1,0,0,1
Baden-Württemberg,2020-01-14,0,0,1,0,0,1
Baden-Württemberg,2020-01-15,0,0,1,0,0,1
Baden-Württemberg,2020-01-16,0,0,1,0,0,1
Baden-Württemberg,2020-01-17,0,0,1,0,0,1
Baden-Württemberg,2020-01-18,0,0,1,0,0,1
Baden-Württemberg,2020-01-19,0,0,1,0,0,1
Baden-Württemberg,2020-01-20,0,0,1,0,0,1
Baden-Württemberg,2020-01-21,0,0,1,0,0,1
Baden-Württemberg,2020-01-22,0,0,1,0,0,1
Baden-Württemberg,2020-01-23,0,0,1,0,0,1
Baden-Württemberg,2020-01-24,0,0,1,0,0,1
Baden-Württemberg,2020-01-25,0,0,1,0,0,1
Baden-Württemberg,2020-01-26,0,0,1,0,0,1
Baden-Württemberg,2020-01-27,0,0,1,0,0,1
Baden-Württemberg,2020-01-28,0,0,1,0,0,1
Baden-Württemberg,2020-01-29,0,0,1,0,0,1
Baden-Württemberg,2020-01-30,0,0,1,0,0,1
Baden-Württemberg,2020-01-31,0,0,1,0,0,1
Baden-Württemberg,2020-02-01,0,0,1,0,0,1
Baden-Württemberg,2020-02-02,0,0,2,0,0,1
Baden-Württemberg,2020-02-03,1,0,2,0,1,1
Baden-Württemberg,2020-02-04,1,0,2,0,1,1
Baden-Württemberg,2020-02-05,1,0,2,0,1,1
Baden-Württemberg,2020-02-06,1,0,3,0,1,1
Baden-Württemberg,2020-02-07,1,0,3,0,1,1
Baden-Württemberg,2020-02-08,1,0,4,0,1,1
Baden-Württemberg,2020-02-09,2,0,5,0,2,1
Baden-Württemberg,2020-02-10,2,0,7,0,2,1
Baden-Württemberg,2020-02-11,3,0,7,0,3,1
Baden-Württemberg,2020-02-12,4,0,9,1,4,1
Baden-Württemberg,2020-02-13,5,0,12,1,5,1
Baden-Württemberg,2020-02-14,6,1,14,2,7,1
Baden-Württemberg,2020-02-15,8,0,17,3,9,1
Baden-Württemberg,2020-02-16,10,1,21,3,11,1
Baden-Württemberg,2020-02-17,13,2,26,7,15,1
Baden-Württemberg,2020-02-18,16,5,32,7,17,1
Baden-Württemberg,2020-02-19,21,7,38,12,24,1
Baden-Württemberg,2020-02-20,26,8,46,14,28,1
Baden-Württemberg,2020-02-21,32,10,55,19,36,1
Baden-Württemberg,2020-02-22,40,14,66,29,48,1
Baden-Württemberg,2020-02-23,48,21,79,32,54,1
Baden-Württemberg,2020-02-24,59,27,94,44,69,1
Baden-Württemberg,2020-02-25,73,30,108,52,80,1
Baden-Württemberg,2020-02-26,89,47,136,63,98,1
Baden-Württemberg,2020-02-27,106,60,158,76,115,1
Baden-Württemberg,2020-02-28,126,74,184,101,142,1
Baden-Württemberg,2020-02-29,150,88,212,121,168,1
Baden-Württemberg,2020-03-01,176,108,244,139,190,1
Baden-Württemberg,2020-03-02,209,136,288,173,230,1
Baden-Württemberg,2020-03-03,245.5,163,325,206,270,1
Baden-Württemberg,2020-03-04,287,196,373,247,314,1
Baden-Württemberg,2020-03-05,331,240,419,298,364,1
Baden-Württemberg,2020-03-06,380,281,466,330,401,1
Baden-Württemberg,2020-03-07,432,341,524,388,461,1
Baden-Württemberg,2020-03-08,485,398,581,442,514,1
Baden-Württemberg,2020-03-09,535,439,622,485,561,1
Baden-Württemberg,2020-03-10,585,496,679,540,615,1
Baden-Württemberg,2020-03-11,640,551,729,609,679,1
Baden-Württemberg,2020-03-12,689,589,772,649,717,1
Baden-Württemberg,2020-03-13,737,654,816,705,771,1
Baden-Württemberg,2020-03-14,779,702,857,742,806,1
Baden-Württemberg,2020-03-15,811,738,895,777,840,1
Baden-Württemberg,2020-03-16,844,762,913,815,872,1
Baden-Württemberg,2020-03-17,871.5,789,937,840,902,1
Baden-Württemberg,2020-03-18,903,829,971,874,933,1
Baden-Württemberg,2020-03-19,931,855,990,906,959,1
Baden-Württemberg,2020-03-20,951,891,1015,920,972,1
Baden-Württemberg,2020-03-21,959,899,1022,930,978,1
Baden-Württemberg,2020-03-22,953.5,892,1011,928,975,1
Baden-Württemberg,2020-03-23,940,876,995,911,958,1
Baden-Württemberg,2020-03-24,919,862,979,890,938,1
Baden-Württemberg,2020-03-25,900,835,958,871,920,1
Baden-Württemberg,2020-03-26,882,813,940,854,908,1
Baden-Württemberg,2020-03-27,861,788,924,835,891,1
Baden-Württemberg,2020-03-28,830,760,894,805,860,1
Baden-Württemberg,2020-03-29,791,716,853,768,818,1
Baden-Württemberg,2020-03-30,739,668,797,716,765,1
Baden-Württemberg,2020-03-31,689,625,746,657,705,1
Baden-Württemberg,2020-04-01,646,590,699,632,675,1
Baden-Württemberg,2020-04-02,613,551,657,593,634,1
Baden-Württemberg,2020-04-03,589,530,637,568,608,1
Baden-Württemberg,2020-04-04,561.5,505,615,538,581,1
Baden-Württemberg,2020-04-05,529,475,574,507,549,1
Baden-Württemberg,2020-04-06,490.5,439,533,466,504,1
Baden-Württemberg,2020-04-07,454,411,496,431,465,1
Baden-Württemberg,2020-04-08,424.5,385,464,405,436,1
Baden-Württemberg,2020-04-09,403,358,438,386,416,1
Baden-Württemberg,2020-04-10,389,350,428,370,399,1
Baden-Württemberg,2020-04-11,378,338,418,361,393,1
Baden-Württemberg,2020-04-12,361,314,398,341,372,1
Baden-Württemberg,2020-04-13,341,300,378,320,352,1
Baden-Württemberg,2020-04-14,319,284,355,304,334,1
Baden-Württemberg,2020-04-15,297,262,331,285,312,1
Baden-Württemberg,2020-04-16,277,243,310,260,288,1
Baden-Württemberg,2020-04-17,262,230,298,245,272,1
Baden-Württemberg,2020-04-18,246,210,279,226,255,1
Baden-Württemberg,2020-04-19,227,194,256,211,236,1
Baden-Württemberg,2020-04-20,206,176,234,193,216,1
Baden-Württemberg,2020-04-21,184,157,210,171,192,1
Baden-Württemberg,2020-04-22,167,144,191,157,176,1
Baden-Württemberg,2020-04-23,154,131,174,139,157,1
Baden-Württemberg,2020-04-24,143,120,161,132,148,1
Baden-Württemberg,2020-04-25,136,115,156,126,142,1
Baden-Württemberg,2020-04-26,129,110,147,121,136,1
Baden-Württemberg,2020-04-27,120,101,137,111,125,1
Baden-Württemberg,2020-04-28,113,94,130,103,116,1
Baden-Württemberg,2020-04-29,108,91,124,98,112,1
Baden-Württemberg,2020-04-30,107,87,122,100,114,1
Baden-Württemberg,2020-05-01,106,88,122,97,111,1
Baden-Württemberg,2020-05-02,105,88,122,94,108,1
Baden-Württemberg,2020-05-03,101,85,119,93,107,1
Baden-Württemberg,2020-05-04,96,77,111,89,103,1
Baden-Württemberg,2020-05-05,90,72,104,80,94,0.99
Baden-Württemberg,2020-05-06,83,65,96,76,88,0.99
Baden-Württemberg,2020-05-07,77,64,92,71,82,0.99
Baden-Württemberg,2020-05-08,73,57,86,67,78,0.99
Baden-Württemberg,2020-05-09,70,55,83,65,75,0.98
Baden-Württemberg,2020-05-10,66,50,77,58,69,0.98
Baden-Württemberg,2020-05-11,61,48,74,55,65,0.97
Baden-Württemberg,2020-05-12,58,44,70,51,61,0.96
Baden-Württemberg,2020-05-13,55,41,66,48,58,0.95
Baden-Württemberg,2020-05-14,53,41,65,50,59,0.93
Baden-Württemberg,2020-05-15,52,39,63,44,54,0.91
Baden-Württemberg,2020-05-16,51,39,63,44,54,0.89
Baden-Württemberg,2020-05-17,50,36,62,43,53,0.86
Baden-Württemberg,2020-05-18,49,35,60,41,51,0.82
Bayern,2019-12-22,1,1,1,1,1,1
Bayern,2019-12-23,1,0,1,1,1,1
Bayern,2019-12-24,0.5,0,1,0,1,1
Bayern,2019-12-25,0.5,0,1,0,1,1
Bayern,2019-12-26,0.5,0,1,0,1,1
Bayern,2019-12-27,0,0,1,0,0,1
Bayern,2019-12-28,0,0,1,0,0,1
Bayern,2019-12-29,0,0,1,0,0,1
Bayern,2019-12-30,0,0,1,0,0,1
Bayern,2019-12-31,0,0,1,0,0,1
Bayern,2020-01-01,0,0,1,0,0,1
Bayern,2020-01-02,0,0,1,0,0,1
Bayern,2020-01-03,0,0,1,0,0,1
Bayern,2020-01-04,0,0,1,0,0,1
Bayern,2020-01-05,0,0,1,0,0,1
Bayern,2020-01-06,0,0,1,0,0,1
Bayern,2020-01-07,0,0,1,0,0,1
Bayern,2020-01-08,0,0,1,0,0,1
Bayern,2020-01-09,0,0,1,0,0,1
Bayern,2020-01-10,0,0,1,0,0,1
Bayern,2020-01-11,0,0,1,0,0,1
Bayern,2020-01-12,0,0,1,0,0,1
Bayern,2020-01-13,0,0,1,0,0,1
Bayern,2020-01-14,0,0,1,0,0,1
Bayern,2020-01-15,0,0,1,0,0,1
Bayern,2020-01-16,0,0,1,0,0,1
Bayern,2020-01-17,0,0,1,0,0,1
Bayern,2020-01-18,0,0,1,0,0,1
Bayern,2020-01-19,0,0,2,0,0,1
Bayern,2020-01-20,0,0,2,0,0,1
Bayern,2020-01-21,1,0,2,0,1,1
Bayern,2020-01-22,1,0,2,0,1,1
Bayern,2020-01-23,1,0,2,0,1,1
Bayern,2020-01-24,1,0,2,0,1,1
Bayern,2020-01-25,1,0,2,0,1,1
Bayern,2020-01-26,1,0,2,0,1,1
Bayern,2020-01-27,1,0,2,0,1,1
Bayern,2020-01-28,1,0,2,0,1,1
Bayern,2020-01-29,1,0,2,0,1,1
Bayern,2020-01-30,1,0,2,0,1,1
Bayern,2020-01-31,1,0,2,0,1,1
Bayern,2020-02-01,1,0,2,0,1,1
Bayern,2020-02-02,0,0,2,0,0,1
Bayern,2020-02-03,1,0,2,0,1,1
Bayern,2020-02-04,0,0,2,0,0,1
Bayern,2020-02-05,1,0,2,0,1,1
Bayern,2020-02-06,1,0,3,0,1,1
Bayern,2020-02-07,1,0,3,0,1,1
Bayern,2020-02-08,1,0,3,0,1,1
Bayern,2020-02-09,1,0,4,0,1,1
Bayern,2020-02-10,1,0,5,0,1,1
Bayern,2020-02-11,2,0,6,0,2,1
Bayern,2020-02-12,3,0,7,1,3,1
Bayern,2020-02-13,4,0,9,1,4,1
Bayern,2020-02-14,5,0,12,1,5,1
Bayern,2020-02-15,6,0,14,1,6,1
Bayern,2020-02-16,8,1,18,2,8,1
Bayern,2020-02-17,10,0,21,3,10,1
Bayern,2020-02-18,13,1,27,7,15,1
Bayern,2020-02-19,17,4,33,7,18,1
Bayern,2020-02-20,21,6,41,10,23,1
Bayern,2020-02-21,26,7,49,13,29,1
Bayern,2020-02-22,33,10,60,17,36,1
Bayern,2020-02-23,41,12,73,22,45,1
Bayern,2020-02-24,52,21,90,29,56,1
Bayern,2020-02-25,64,28,108,43,73,1
Bayern,2020-02-26,79,36,130,51,86,1
Bayern,2020-02-27,97,51,158,64,105,1
Bayern,2020-02-28,117,64,181,87,134,1
Bayern,2020-02-29,142,81,215,110,163,1
Bayern,2020-03-01,171,92,243,140,198,1
Bayern,2020-03-02,203,126,288,171,234,1
Bayern,2020-03-03,242,144,331,199,270,1
Bayern,2020-03-04,283,179,383,225,305,1
Bayern,2020-03-05,334,219,441,275,359,1
Bayern,2020-03-06,388,282,522,343,436,1
Bayern,2020-03-07,447,328,575,388,487,1
Bayern,2020-03-08,510,393,656,445,545,1
Bayern,2020-03-09,584,445,719,532,632,1
Bayern,2020-03-10,659,522,797,604,707,1
Bayern,2020-03-11,737,628,900,670,775,1
Bayern,2020-03-12,823,669,947,757,858,1
Bayern,2020-03-13,902,780,1035,850,953,1
Bayern,2020-03-14,980,865,1108,922,1015,1
Bayern,2020-03-15,1050,946,1182,993,1081,1
Bayern,2020-03-16,1113,1005,1223,1061,1147,1
Bayern,2020-03-17,1167,1056,1268,1133,1215,1
Bayern,2020-03-18,1221.5,1117,1312,1190,1266,1
Bayern,2020-03-19,1274,1183,1368,1244,1318,1
Bayern,2020-03-20,1314,1224,1389,1282,1352,1
Bayern,2020-03-21,1346.5,1279,1437,1324,1386,1
Bayern,2020-03-22,1355,1278,1428,1331,1391,1
Bayern,2020-03-23,1352,1283,1426,1322,1382,1
Bayern,2020-03-24,1332,1260,1409,1296,1356,1
Bayern,2020-03-25,1317,1246,1401,1297,1360,1
Bayern,2020-03-26,1301,1215,1378,1258,1326,1
Bayern,2020-03-27,1286,1196,1371,1253,1323,1
Bayern,2020-03-28,1246.5,1154,1350,1205,1282,1
Bayern,2020-03-29,1194,1097,1298,1158,1237,1
Bayern,2020-03-30,1119,1012,1204,1096,1169,1
Bayern,2020-03-31,1039,946,1121,991,1063,1
Bayern,2020-04-01,963,877,1042,920,987,1
Bayern,2020-04-02,902,827,983,873,935,1
Bayern,2020-04-03,849,774,920,819,879,1
Bayern,2020-04-04,792,721,860,761,821,1
Bayern,2020-04-05,732,655,795,702,756,1
Bayern,2020-04-06,671,610,727,637,685,1
Bayern,2020-04-07,620,568,670,596,638,1
Bayern,2020-04-08,584,529,630,557,596,1
Bayern,2020-04-09,560,507,604,539,576,1
Bayern,2020-04-10,544,490,592,525,566,1
Bayern,2020-04-11,523,464,569,499,541,1
Bayern,2020-04-12,496,447,545,472,513,1
Bayern,2020-04-13,461,410,506,437,476,1
Bayern,2020-04-14,425,384,466,406,439,1
Bayern,2020-04-15,395,356,433,376,408,1
Bayern,2020-04-16,371,332,408,349,380,1
Bayern,2020-04-17,352,316,393,332,364,1
Bayern,2020-04-18,332,291,370,315,347,1
Bayern,2020-04-19,308,269,345,292,322,1
Bayern,2020-04-20,283,243,314,269,297,1
Bayern,2020-04-21,257,229,289,242,266,1
Bayern,2020-04-22,237,207,261,226,248,1
Bayern,2020-04-23,220,192,246,210,231,1
Bayern,2020-04-24,208,180,232,195,215,1
Bayern,2020-04-25,196,173,221,181,202,1
Bayern,2020-04-26,184.5,160,206,175,192,1
Bayern,2020-04-27,174,151,194,165,182,1
Bayern,2020-04-28,167,145,187,153,171,1
Bayern,2020-04-29,163.5,139,182,159,175,1
Bayern,2020-04-30,161,141,182,150,166,1
Bayern,2020-05-01,160,138,180,152,169,1
Bayern,2020-05-02,157,135,178,146,162,1
Bayern,2020-05-03,152,131,171,141,158,1
Bayern,2020-05-04,145,123,164,137,153,1
Bayern,2020-05-05,139,119,157,130,146,0.99
Bayern,2020-05-06,133.5,114,152,127,142,0.99
Bayern,2020-05-07,130,110,147,120,135,0.99
Bayern,2020-05-08,127,108,146,118,133,0.99
Bayern,2020-05-09,122,100,138,113,128,0.98
Bayern,2020-05-10,115,98,133,104,118,0.98
Bayern,2020-05-11,111,90,125,103,117,0.97
Bayern,2020-05-12,106,87,122,100,113,0.96
Bayern,2020-05-13,105,85,120,95,109,0.95
Bayern,2020-05-14,106,86,122,96,111,0.93
Bayern,2020-05-15,107,89,125,95,110,0.91
Bayern,2020-05-16,108,90,126,99,113,0.89
Bayern,2020-05-17,108,88,125,99,114,0.86
Bayern,2020-05-18,108,88,127,96,112,0.82
Berlin,2020-01-21,1,1,1,1,1,1
Berlin,2020-01-22,0,0,1,0,0,1
Berlin,2020-01-23,0,0,1,0,0,1
Berlin,2020-01-24,0.5,0,1,0,1,1
Berlin,2020-01-25,0,0,1,0,0,1
Berlin,2020-01-26,0.5,0,1,0,1,1
Berlin,2020-01-27,0,0,1,0,0,1
Berlin,2020-01-28,0,0,1,0,0,1
Berlin,2020-01-29,0.5,0,1,0,1,1
Berlin,2020-01-30,0,0,1,0,0,1
Berlin,2020-01-31,0,0,1,0,0,1
Berlin,2020-02-01,0,0,1,0,0,1
Berlin,2020-02-02,0,0,1,0,0,1
Berlin,2020-02-03,0,0,1,0,0,1
Berlin,2020-02-04,0,0,1,0,0,1
Berlin,2020-02-05,0,0,1,0,0,1
Berlin,2020-02-06,0,0,1,0,0,1
Berlin,2020-02-07,0,0,2,0,0,1
Berlin,2020-02-08,0,0,2,0,0,1
Berlin,2020-02-09,1,0,2,0,1,1
Berlin,2020-02-10,1,0,2,0,1,1
Berlin,2020-02-11,1,0,2,0,1,1
Berlin,2020-02-12,1,0,3,0,1,1
Berlin,2020-02-13,1,0,3,0,1,1
Berlin,2020-02-14,1,0,4,0,1,1
Berlin,2020-02-15,2,0,5,0,2,1
Berlin,2020-02-16,2,0,5,0,2,1
Berlin,2020-02-17,3,0,7,1,3,1
Berlin,2020-02-18,4,0,8,1,4,1
Berlin,2020-02-19,5,0,10,2,5,1
Berlin,2020-02-20,6,0,11,2,6,1
Berlin,2020-02-21,7,1,14,3,8,1
Berlin,2020-02-22,9,2,16,5,10,1
Berlin,2020-02-23,11,4,20,6,12,1
Berlin,2020-02-24,14,6,24,8,15,1
Berlin,2020-02-25,17,6,27,13,21,1
Berlin,2020-02-26,21,9,31,15,23,1
Berlin,2020-02-27,25,13,38,17,27,1
Berlin,2020-02-28,29.5,16,43,20,31,1
Berlin,2020-02-29,36,22,51,27,39,1
Berlin,2020-03-01,42,26,59,33,45,1
Berlin,2020-03-02,49,31,66,38,52,1
Berlin,2020-03-03,56,37,73,45,60,1
Berlin,2020-03-04,65,45,84,58,73,1
Berlin,2020-03-05,73.5,53,95,61,77,1
Berlin,2020-03-06,84,63,105,72,88,1
Berlin,2020-03-07,93,72,115,80,97,1
Berlin,2020-03-08,103,80,124,90,108,1
Berlin,2020-03-09,114,91,135,103,120,1
Berlin,2020-03-10,124,101,147,113,130,1
Berlin,2020-03-11,136,111,156,124,142,1
Berlin,2020-03-12,147,124,168,135,153,1
Berlin,2020-03-13,157,134,177,144,162,1
Berlin,2020-03-14,164,143,183,153,170,1
Berlin,2020-03-15,170,150,191,157,174,1
Berlin,2020-03-16,174.5,151,192,163,180,1
Berlin,2020-03-17,178,155,199,166,183,1
Berlin,2020-03-18,180,162,203,166,184,1
Berlin,2020-03-19,182,159,204,175,192,1
Berlin,2020-03-20,183,158,203,172,189,1
Berlin,2020-03-21,181,156,201,168,187,1
Berlin,2020-03-22,177,153,199,164,184,1
Berlin,2020-03-23,171,148,193,160,178,1
Berlin,2020-03-24,166,147,192,154,172,1
Berlin,2020-03-25,160,136,180,150,167,1
Berlin,2020-03-26,155,134,178,142,160,1
Berlin,2020-03-27,151,130,176,138,157,1
Berlin,2020-03-28,146,119,164,136,154,1
Berlin,2020-03-29,138,115,160,126,144,1
Berlin,2020-03-30,129,109,151,118,135,1
Berlin,2020-03-31,122,102,142,111,126,1
Berlin,2020-04-01,114,96,133,106,120,1
Berlin,2020-04-02,109,88,125,98,113,1
Berlin,2020-04-03,102,82,119,94,109,1
Berlin,2020-04-04,95.5,78,112,85,99,1
Berlin,2020-04-05,88,71,104,79,92,1
Berlin,2020-04-06,82,66,95,73,85,1
Berlin,2020-04-07,78,62,90,71,82,1
Berlin,2020-04-08,76,60,88,70,80,1
Berlin,2020-04-09,74,59,87,68,79,1
Berlin,2020-04-10,74,59,86,65,76,1
Berlin,2020-04-11,71,56,84,63,74,1
Berlin,2020-04-12,69,54,82,58,70,1
Berlin,2020-04-13,65,51,78,57,68,1
Berlin,2020-04-14,62,49,74,55,65,1
Berlin,2020-04-15,60,47,71,53,63,1
Berlin,2020-04-16,58,45,69,51,61,1
Berlin,2020-04-17,57,45,68,49,59,1
Berlin,2020-04-18,55,43,67,47,57,1
Berlin,2020-04-19,52,41,64,44,54,1
Berlin,2020-04-20,50,40,62,43,52,1
Berlin,2020-04-21,48,35,58,44,53,1
Berlin,2020-04-22,46,34,56,40,49,1
Berlin,2020-04-23,44,33,54,40,48,1
Berlin,2020-04-24,43,32,53,37,45,1
Berlin,2020-04-25,41,29,50,36,44,1
Berlin,2020-04-26,39,27,48,33,41,1
Berlin,2020-04-27,37,27,46,30,38,1
Berlin,2020-04-28,36,25,44,31,38,1
Berlin,2020-04-29,34,25,43,29,36,1
Berlin,2020-04-30,33,22,40,28,35,1
Berlin,2020-05-01,31,22,40,26,33,1
Berlin,2020-05-02,30,20,37,24,31,1
Berlin,2020-05-03,28,19,36,25,31,1
Berlin,2020-05-04,27,17,34,21,28,0.99
Berlin,2020-05-05,27,18,35,21,28,0.99
Berlin,2020-05-06,27,18,35,23,29,0.99
Berlin,2020-05-07,28,19,36,23,29,0.99
Berlin,2020-05-08,28,20,36,23,30,0.98
Berlin,2020-05-09,27,19,35,24,30,0.98
Berlin,2020-05-10,26,18,34,22,28,0.97
Berlin,2020-05-11,26,17,33,22,28,0.96
Berlin,2020-05-12,25,16,32,21,27,0.95
Berlin,2020-05-13,25,16,32,20,26,0.94
Berlin,2020-05-14,25,16,32,21,27,0.92
Berlin,2020-05-15,24,15,32,18,25,0.89
Berlin,2020-05-16,24,15,32,18,25,0.86
Berlin,2020-05-17,23,14,32,18,25,0.83
Berlin,2020-05-18,23,13,32,16,24,0.78
Brandenburg,2020-01-21,1,1,1,1,1,1
Brandenburg,2020-01-22,0,0,0,0,0,1
Brandenburg,2020-01-23,0.5,0,1,0,1,1
Brandenburg,2020-01-24,0,0,0,0,0,1
Brandenburg,2020-01-25,0,0,0,0,0,1
Brandenburg,2020-01-26,0,0,0,0,0,1
Brandenburg,2020-01-27,1,0,1,1,1,1
Brandenburg,2020-01-28,0,0,1,0,0,1
Brandenburg,2020-01-29,0,0,1,0,0,1
Brandenburg,2020-01-30,0,0,1,0,0,1
Brandenburg,2020-01-31,0,0,1,0,0,1
Brandenburg,2020-02-01,0,0,1,0,0,1
Brandenburg,2020-02-02,0,0,1,0,0,1
Brandenburg,2020-02-03,0,0,1,0,0,1
Brandenburg,2020-02-04,0,0,1,0,0,1
Brandenburg,2020-02-05,0,0,1,0,0,1
Brandenburg,2020-02-06,0,0,1,0,0,1
Brandenburg,2020-02-07,0,0,1,0,0,1
Brandenburg,2020-02-08,0,0,1,0,0,1
Brandenburg,2020-02-09,0,0,1,0,0,1
Brandenburg,2020-02-10,0,0,1,0,0,1
Brandenburg,2020-02-11,0,0,1,0,0,1
Brandenburg,2020-02-12,0,0,1,0,0,1
Brandenburg,2020-02-13,1,0,2,0,1,1
Brandenburg,2020-02-14,1,0,2,0,1,1
Brandenburg,2020-02-15,1,0,2,0,1,1
Brandenburg,2020-02-16,1,0,2,0,1,1
Brandenburg,2020-02-17,1,0,3,0,1,1
Brandenburg,2020-02-18,1,0,3,0,1,1
Brandenburg,2020-02-19,1,0,4,0,1,1
Brandenburg,2020-02-20,2,0,4,0,2,1
Brandenburg,2020-02-21,2,0,5,0,2,1
Brandenburg,2020-02-22,3,0,6,1,3,1
Brandenburg,2020-02-23,3,0,7,2,4,1
Brandenburg,2020-02-24,5,1,9,2,5,1
Brandenburg,2020-02-25,6,2,11,2,6,1
Brandenburg,2020-02-26,7,2,12,3,7,1
Brandenburg,2020-02-27,9,2,15,4,9,1
Brandenburg,2020-02-28,10.5,4,17,6,11,1
Brandenburg,2020-02-29,13,5,20,7,13,1
Brandenburg,2020-03-01,16,6,23,11,17,1
Brandenburg,2020-03-02,18,9,27,12,19,1
Brandenburg,2020-03-03,22,13,31,16,23,1
Brandenburg,2020-03-04,25,15,36,19,27,1
Brandenburg,2020-03-05,29,17,38,23,31,1
Brandenburg,2020-03-06,33,20,42,28,36,1
Brandenburg,2020-03-07,36,26,47,30,38,1
Brandenburg,2020-03-08,40,29,51,33,42,1
Brandenburg,2020-03-09,43,31,54,37,46,1
Brandenburg,2020-03-10,47,35,59,41,50,1
Brandenburg,2020-03-11,52,39,63,44,54,1
Brandenburg,2020-03-12,54,41,66,48,57,1
Brandenburg,2020-03-13,58,43,68,50,60,1
Brandenburg,2020-03-14,59,46,71,51,61,1
Brandenburg,2020-03-15,61,49,74,55,65,1
Brandenburg,2020-03-16,63,49,74,57,67,1
Brandenburg,2020-03-17,66,52,79,57,68,1
Brandenburg,2020-03-18,69,55,82,60,72,1
Brandenburg,2020-03-19,72,57,85,65,76,1
Brandenburg,2020-03-20,75,60,89,68,79,1
Brandenburg,2020-03-21,77,62,89,69,80,1
Brandenburg,2020-03-22,78,63,91,70,81,1
Brandenburg,2020-03-23,80,63,92,72,84,1
Brandenburg,2020-03-24,81,67,96,74,85,1
Brandenburg,2020-03-25,82,63,94,74,86,1
Brandenburg,2020-03-26,82,65,96,74,86,1
Brandenburg,2020-03-27,82,67,96,73,85,1
Brandenburg,2020-03-28,80,63,93,71,83,1
Brandenburg,2020-03-29,77,62,91,72,83,1
Brandenburg,2020-03-30,75,60,88,69,80,1
Brandenburg,2020-03-31,72,58,85,66,76,1
Brandenburg,2020-04-01,70,57,83,65,75,1
Brandenburg,2020-04-02,68,55,81,61,71,1
Brandenburg,2020-04-03,67,52,79,61,71,1
Brandenburg,2020-04-04,64,49,76,56,67,1
Brandenburg,2020-04-05,59,47,72,55,64,1
Brandenburg,2020-04-06,57,45,69,51,60,1
Brandenburg,2020-04-07,54,41,65,48,57,1
Brandenburg,2020-04-08,54,41,64,48,57,1
Brandenburg,2020-04-09,54,41,64,47,56,1
Brandenburg,2020-04-10,54,40,64,47,57,1
Brandenburg,2020-04-11,54,41,65,46,56,1
Brandenburg,2020-04-12,52,39,62,44,54,1
Brandenburg,2020-04-13,50,37,60,44,53,1
Brandenburg,2020-04-14,48,35,58,41,50,1
Brandenburg,2020-04-15,44,32,54,37,46,1
Brandenburg,2020-04-16,42,31,52,36,44,1
Brandenburg,2020-04-17,40,29,50,35,43,1
Brandenburg,2020-04-18,38,28,48,32,40,1
Brandenburg,2020-04-19,34,24,44,28,36,1
Brandenburg,2020-04-20,33,22,41,26,34,1
Brandenburg,2020-04-21,30,20,38,25,32,1
Brandenburg,2020-04-22,28,19,37,23,30,1
Brandenburg,2020-04-23,26,17,34,21,28,1
Brandenburg,2020-04-24,25,16,32,21,27,1
Brandenburg,2020-04-25,23,15,30,18,24,1
Brandenburg,2020-04-26,21,13,28,16,22,1
Brandenburg,2020-04-27,19,11,24,15,20,1
Brandenburg,2020-04-28,17,10,23,14,19,1
Brandenburg,2020-04-29,16,9,22,12,17,1
Brandenburg,2020-04-30,14,8,20,10,15,1
Brandenburg,2020-05-01,13,7,18,10,14,1
Brandenburg,2020-05-02,11,6,17,9,13,1
Brandenburg,2020-05-03,10,5,15,6,10,0.99
Brandenburg,2020-05-04,9,4,13,5,9,0.99
Brandenburg,2020-05-05,8,4,12,5,8,0.99
Brandenburg,2020-05-06,8,3,12,5,8,0.99
Brandenburg,2020-05-07,7,2,11,5,8,0.98
Brandenburg,2020-05-08,7,3,11,5,8,0.98
Brandenburg,2020-05-09,7,3,11,5,8,0.97
Brandenburg,2020-05-10,7,2,10,4,7,0.96
Brandenburg,2020-05-11,6,2,10,4,7,0.95
Brandenburg,2020-05-12,6,3,10,3,6,0.94
Brandenburg,2020-05-13,6,2,10,3,6,0.92
Brandenburg,2020-05-14,6,2,10,3,6,0.9
Brandenburg,2020-05-15,6,2,10,3,6,0.87
Brandenburg,2020-05-16,6,1,10,4,7,0.84
Brandenburg,2020-05-17,6,1,11,4,7,0.79
Brandenburg,2020-05-18,7,2,12,3,7,0.73
Bremen,2020-01-23,1,1,1,1,1,1
Bremen,2020-01-24,0.5,0,1,0,1,1
Bremen,2020-01-25,0,0,1,0,0,1
Bremen,2020-01-26,0.5,0,1,0,1,1
Bremen,2020-01-27,1,0,1,1,1,1
Bremen,2020-01-28,0,0,1,0,0,1
Bremen,2020-01-29,0,0,0,0,0,1
Bremen,2020-01-30,0,0,1,0,0,1
Bremen,2020-01-31,0,0,1,0,0,1
Bremen,2020-02-01,0,0,1,0,0,1
Bremen,2020-02-02,0,0,1,0,0,1
Bremen,2020-02-03,0,0,1,0,0,1
Bremen,2020-02-04,0,0,1,0,0,1
Bremen,2020-02-05,0,0,1,0,0,1
Bremen,2020-02-06,0,0,1,0,0,1
Bremen,2020-02-07,0,0,1,0,0,1
Bremen,2020-02-08,0,0,1,0,0,1
Bremen,2020-02-09,0,0,1,0,0,1
Bremen,2020-02-10,0,0,1,0,0,1
Bremen,2020-02-11,0,0,1,0,0,1
Bremen,2020-02-12,0,0,1,0,0,1
Bremen,2020-02-13,0,0,1,0,0,1
Bremen,2020-02-14,0,0,1,0,0,1
Bremen,2020-02-15,0,0,1,0,0,1
Bremen,2020-02-16,0,0,2,0,0,1
Bremen,2020-02-17,1,0,2,0,1,1
Bremen,2020-02-18,1,0,2,0,1,1
Bremen,2020-02-19,1,0,2,0,1,1
Bremen,2020-02-20,1,0,3,0,1,1
Bremen,2020-02-21,1,0,3,0,1,1
Bremen,2020-02-22,1,0,3,0,1,1
Bremen,2020-02-23,2,0,4,1,2,1
Bremen,2020-02-24,2,0,4,0,2,1
Bremen,2020-02-25,3,0,5,1,3,1
Bremen,2020-02-26,3,0,6,1,3,1
Bremen,2020-02-27,4,1,7,2,4,1
Bremen,2020-02-28,4,0,7,3,5,1
Bremen,2020-02-29,5,1,9,2,5,1
Bremen,2020-03-01,6,2,10,3,6,1
Bremen,2020-03-02,7,3,11,4,7,1
Bremen,2020-03-03,8,4,13,6,9,1
Bremen,2020-03-04,9,3,13,5,9,1
Bremen,2020-03-05,10,4,14,6,10,1
Bremen,2020-03-06,11,5,15,7,11,1
Bremen,2020-03-07,11,6,16,8,12,1
Bremen,2020-03-08,12,6,17,10,14,1
Bremen,2020-03-09,13,8,19,8,13,1
Bremen,2020-03-10,14,7,19,9,14,1
Bremen,2020-03-11,15,9,21,10,15,1
Bremen,2020-03-12,16,9,21,13,17,1
Bremen,2020-03-13,17,11,23,13,18,1
Bremen,2020-03-14,17,10,23,12,17,1
Bremen,2020-03-15,17,10,23,13,18,1
Bremen,2020-03-16,17,9,22,13,18,1
Bremen,2020-03-17,16,10,22,13,18,1
Bremen,2020-03-18,16,9,21,11,16,1
Bremen,2020-03-19,16,9,21,13,17,1
Bremen,2020-03-20,16,10,22,12,17,1
Bremen,2020-03-21,15.5,9,21,12,17,1
Bremen,2020-03-22,15,8,21,11,16,1
Bremen,2020-03-23,15,8,20,13,17,1
Bremen,2020-03-24,15,8,20,10,15,1
Bremen,2020-03-25,15,8,20,13,17,1
Bremen,2020-03-26,15,8,20,10,15,1
Bremen,2020-03-27,15,9,20,11,16,1
Bremen,2020-03-28,15,8,20,10,15,1
Bremen,2020-03-29,15,8,20,10,15,1
Bremen,2020-03-30,15,9,21,10,15,1
Bremen,2020-03-31,15,8,20,10,15,1
Bremen,2020-04-01,15,9,20,12,16,1
Bremen,2020-04-02,15,8,20,12,16,1
Bremen,2020-04-03,15,9,21,11,16,1
Bremen,2020-04-04,15,8,21,11,16,1
Bremen,2020-04-05,16,10,22,12,17,1
Bremen,2020-04-06,17,10,23,13,18,1
Bremen,2020-04-07,18,12,25,14,19,1
Bremen,2020-04-08,19,12,26,16,21,1
Bremen,2020-04-09,21,13,27,18,23,1
Bremen,2020-04-10,22,15,29,17,23,1
Bremen,2020-04-11,23,15,31,19,25,1
Bremen,2020-04-12,24,16,32,20,26,1
Bremen,2020-04-13,25,16,32,20,26,1
Bremen,2020-04-14,25,16,31,20,26,1
Bremen,2020-04-15,25,16,32,22,28,1
Bremen,2020-04-16,26,16,32,21,27,1
Bremen,2020-04-17,26,18,33,21,27,1
Bremen,2020-04-18,24,17,33,20,26,1
Bremen,2020-04-19,23,15,30,18,24,1
Bremen,2020-04-20,22,14,29,20,25,1
Bremen,2020-04-21,21,14,28,17,23,1
Bremen,2020-04-22,21,14,28,16,22,1
Bremen,2020-04-23,21,14,28,18,23,1
Bremen,2020-04-24,21,12,26,17,22,1
Bremen,2020-04-25,21,13,27,15,21,1
Bremen,2020-04-26,20,14,27,16,21,1
Bremen,2020-04-27,20,12,26,16,21,1
Bremen,2020-04-28,20,13,26,16,21,1
Bremen,2020-04-29,20,13,27,17,22,1
Bremen,2020-04-30,20,13,27,15,21,1
Bremen,2020-05-01,20,13,26,15,21,1
Bremen,2020-05-02,20,13,27,18,23,1
Bremen,2020-05-03,19,11,25,15,20,1
Bremen,2020-05-04,18,11,24,14,19,0.99
Bremen,2020-05-05,17,10,23,13,18,0.99
Bremen,2020-05-06,17,9,22,13,18,0.99
Bremen,2020-05-07,16,9,22,12,17,0.99
Bremen,2020-05-08,16,10,22,14,18,0.98
Bremen,2020-05-09,16,9,21,11,16,0.98
Bremen,2020-05-10,15,8,21,11,16,0.97
Bremen,2020-05-11,14.5,8,20,12,16,0.96
Bremen,2020-05-12,14,8,19,11,15,0.95
Bremen,2020-05-13,13,7,19,11,15,0.94
Bremen,2020-05-14,13,7,19,9,14,0.92
Bremen,2020-05-15,13,7,19,9,14,0.9
Bremen,2020-05-16,13,6,19,9,14,0.87
Bremen,2020-05-17,13,5,19,9,14,0.84
Bremen,2020-05-18,14,8,21,11,16,0.79
Hamburg,2020-01-18,1,1,1,1,1,1
Hamburg,2020-01-19,0,0,0,0,0,1
Hamburg,2020-01-20,0,0,0,0,0,1
Hamburg,2020-01-21,1,1,1,1,1,1
Hamburg,2020-01-22,0,0,0,0,0,1
Hamburg,2020-01-23,1,0,1,1,1,1
Hamburg,2020-01-24,0.5,0,1,0,1,1
Hamburg,2020-01-25,0,0,1,0,0,1
Hamburg,2020-01-26,1,0,1,1,1,1
Hamburg,2020-01-27,1,0,1,1,1,1
Hamburg,2020-01-28,0,0,1,0,0,1
Hamburg,2020-01-29,0,0,1,0,0,1
Hamburg,2020-01-30,0,0,1,0,0,1
Hamburg,2020-01-31,0,0,1,0,0,1
Hamburg,2020-02-01,0,0,1,0,0,1
Hamburg,2020-02-02,0,0,1,0,0,1
Hamburg,2020-02-03,0,0,1,0,0,1
Hamburg,2020-02-04,0,0,1,0,0,1
Hamburg,2020-02-05,0,0,1,0,0,1
Hamburg,2020-02-06,0,0,1,0,0,1
Hamburg,2020-02-07,0,0,2,0,0,1
Hamburg,2020-02-08,0,0,2,0,0,1
Hamburg,2020-02-09,1,0,2,0,1,1
Hamburg,2020-02-10,1,0,2,0,1,1
Hamburg,2020-02-11,1,0,2,0,1,1
Hamburg,2020-02-12,1,0,3,0,1,1
Hamburg,2020-02-13,1,0,3,0,1,1
Hamburg,2020-02-14,1,0,4,0,1,1
Hamburg,2020-02-15,2,0,5,0,2,1
Hamburg,2020-02-16,2,0,6,0,2,1
Hamburg,2020-02-17,3,0,7,1,3,1
Hamburg,2020-02-18,4,0,8,1,4,1
Hamburg,2020-02-19,5,1,10,2,5,1
Hamburg,2020-02-20,6,0,11,2,6,1
Hamburg,2020-02-21,8,2,14,3,8,1
Hamburg,2020-02-22,10,2,16,6,11,1
Hamburg,2020-02-23,12,4,20,7,13,1
Hamburg,2020-02-24,14.5,7,26,9,16,1
Hamburg,2020-02-25,17,7,28,11,19,1
Hamburg,2020-02-26,21,9,32,15,24,1
Hamburg,2020-02-27,25,14,38,19,29,1
Hamburg,2020-02-28,31,17,45,22,33,1
Hamburg,2020-02-29,36,21,51,26,39,1
Hamburg,2020-03-01,43,28,59,32,45,1
Hamburg,2020-03-02,51,31,67,40,54,1
Hamburg,2020-03-03,58,39,75,48,63,1
Hamburg,2020-03-04,68,49,87,58,73,1
Hamburg,2020-03-05,77,56,96,66,81,1
Hamburg,2020-03-06,86,65,105,74,90,1
Hamburg,2020-03-07,96,77,117,85,101,1
Hamburg,2020-03-08,107,87,127,95,111,1
Hamburg,2020-03-09,116,96,135,107,123,1
Hamburg,2020-03-10,124,106,143,115,130,1
Hamburg,2020-03-11,131,112,149,123,138,1
Hamburg,2020-03-12,137,117,156,126,141,1
Hamburg,2020-03-13,142,121,158,131,146,1
Hamburg,2020-03-14,144,126,161,133,148,1
Hamburg,2020-03-15,145,126,164,134,150,1
Hamburg,2020-03-16,145,127,165,136,151,1
Hamburg,2020-03-17,144,122,160,135,150,1
Hamburg,2020-03-18,143,121,160,134,149,1
Hamburg,2020-03-19,140,122,161,128,144,1
Hamburg,2020-03-20,138,118,157,129,144,1
Hamburg,2020-03-21,135,116,153,125,140,1
Hamburg,2020-03-22,131,113,149,124,139,1
Hamburg,2020-03-23,129,109,146,120,134,1
Hamburg,2020-03-24,126,106,142,116,131,1
Hamburg,2020-03-25,124,104,141,112,127,1
Hamburg,2020-03-26,122,104,140,110,125,1
Hamburg,2020-03-27,120,102,139,110,125,1
Hamburg,2020-03-28,117,96,132,111,125,1
Hamburg,2020-03-29,113,93,131,104,119,1
Hamburg,2020-03-30,107,86,123,97,112,1
Hamburg,2020-03-31,101,84,121,92,107,1
Hamburg,2020-04-01,96,79,114,88,102,1
Hamburg,2020-04-02,90,70,106,82,96,1
Hamburg,2020-04-03,83,67,99,74,87,1
Hamburg,2020-04-04,77,62,93,68,81,1
Hamburg,2020-04-05,69.5,53,84,60,73,1
Hamburg,2020-04-06,64,48,76,58,69,1
Hamburg,2020-04-07,60,48,73,51,62,1
Hamburg,2020-04-08,57,44,68,50,60,1
Hamburg,2020-04-09,54,42,66,46,56,1
Hamburg,2020-04-10,52,39,64,45,55,1
Hamburg,2020-04-11,49,37,60,44,53,1
Hamburg,2020-04-12,46,34,56,39,48,1
Hamburg,2020-04-13,42,30,53,35,44,1
Hamburg,2020-04-14,39,28,49,33,41,1
Hamburg,2020-04-15,36,25,45,29,37,1
Hamburg,2020-04-16,33,23,42,27,35,1
Hamburg,2020-04-17,31,22,40,27,34,1
Hamburg,2020-04-18,29,20,38,24,31,1
Hamburg,2020-04-19,26,18,35,22,28,1
Hamburg,2020-04-20,24,16,32,19,25,1
Hamburg,2020-04-21,21,12,28,17,23,1
Hamburg,2020-04-22,19,12,26,15,20,1
Hamburg,2020-04-23,17,11,24,13,18,1
Hamburg,2020-04-24,16,9,22,12,17,1
Hamburg,2020-04-25,14,8,20,10,15,1
Hamburg,2020-04-26,13,8,19,10,14,1
Hamburg,2020-04-27,12,5,16,9,13,1
Hamburg,2020-04-28,11,6,16,7,11,1
Hamburg,2020-04-29,11,5,15,7,11,1
Hamburg,2020-04-30,10,6,15,7,11,0.99
Hamburg,2020-05-01,10,4,14,6,10,0.99
Hamburg,2020-05-02,9,5,14,7,10,0.99
Hamburg,2020-05-03,8,3,12,6,9,0.99
Hamburg,2020-05-04,7,3,11,5,8,0.98
Hamburg,2020-05-05,7,2,10,4,7,0.98
Hamburg,2020-05-06,6,2,10,4,7,0.97
Hamburg,2020-05-07,6,2,10,3,6,0.97
Hamburg,2020-05-08,6,2,9,3,6,0.96
Hamburg,2020-05-09,6,1,9,3,6,0.95
Hamburg,2020-05-10,6,2,9,3,6,0.93
Hamburg,2020-05-11,5,2,9,2,5,0.91
Hamburg,2020-05-12,5,0,8,2,5,0.89
Hamburg,2020-05-13,5,0,8,2,5,0.85
Hamburg,2020-05-14,5,1,9,2,5,0.81
Hamburg,2020-05-15,5,0,9,2,5,0.76
Hamburg,2020-05-16,5,1,11,3,6,0.69
Hamburg,2020-05-17,5,0,12,1,5,0.61
Hessen,2020-01-12,1,1,1,1,1,1
Hessen,2020-01-13,0,0,0,0,0,1
Hessen,2020-01-14,0,0,0,0,0,1
Hessen,2020-01-15,0,0,0,0,0,1
Hessen,2020-01-16,0,0,0,0,0,1
Hessen,2020-01-17,0.5,0,1,0,1,1
Hessen,2020-01-18,0,0,0,0,0,1
Hessen,2020-01-19,0.5,0,1,0,1,1
Hessen,2020-01-20,0,0,0,0,0,1
Hessen,2020-01-21,0,0,0,0,0,1
Hessen,2020-01-22,0.5,0,1,0,1,1
Hessen,2020-01-23,0,0,1,0,0,1
Hessen,2020-01-24,1,0,1,1,1,1
Hessen,2020-01-25,0,0,1,0,0,1
Hessen,2020-01-26,0,0,1,0,0,1
Hessen,2020-01-27,0,0,1,0,0,1
Hessen,2020-01-28,0,0,1,0,0,1
Hessen,2020-01-29,0,0,1,0,0,1
Hessen,2020-01-30,0,0,1,0,0,1
Hessen,2020-01-31,0,0,1,0,0,1
Hessen,2020-02-01,0,0,1,0,0,1
Hessen,2020-02-02,0,0,1,0,0,1
Hessen,2020-02-03,0,0,1,0,0,1
Hessen,2020-02-04,0,0,1,0,0,1
Hessen,2020-02-05,0,0,1,0,0,1
Hessen,2020-02-06,0,0,1,0,0,1
Hessen,2020-02-07,0,0,2,0,0,1
Hessen,2020-02-08,0.5,0,2,0,1,1
Hessen,2020-02-09,0,0,2,0,0,1
Hessen,2020-02-10,1,0,2,0,1,1
Hessen,2020-02-11,1,0,3,0,1,1
Hessen,2020-02-12,1,0,3,0,1,1
Hessen,2020-02-13,1,0,3,0,1,1
Hessen,2020-02-14,2,0,4,0,2,1
Hessen,2020-02-15,2,0,5,0,2,1
Hessen,2020-02-16,2,0,6,0,2,1
Hessen,2020-02-17,3,0,7,0,3,1
Hessen,2020-02-18,4,0,9,1,4,1
Hessen,2020-02-19,5,0,11,2,6,1
Hessen,2020-02-20,7,1,13,4,8,1
Hessen,2020-02-21,8,1,16,2,8,1
Hessen,2020-02-22,10,3,19,5,11,1
Hessen,2020-02-23,13,3,22,7,14,1
Hessen,2020-02-24,16,4,26,10,18,1
Hessen,2020-02-25,20,8,32,12,21,1
Hessen,2020-02-26,24,9,38,15,26,1
Hessen,2020-02-27,30,13,44,20,32,1
Hessen,2020-02-28,35,18,53,25,39,1
Hessen,2020-02-29,42,21,61,30,45,1
Hessen,2020-03-01,51,29,70,40,56,1
Hessen,2020-03-02,60,36,82,48,65,1
Hessen,2020-03-03,71,48,96,59,78,1
Hessen,2020-03-04,83,56,106,71,91,1
Hessen,2020-03-05,96,73,124,86,106,1
Hessen,2020-03-06,110,83,137,98,118,1
Hessen,2020-03-07,124,93,148,111,133,1
Hessen,2020-03-08,138,107,160,130,150,1
Hessen,2020-03-09,152.5,128,178,139,158,1
Hessen,2020-03-10,165,138,191,157,178,1
Hessen,2020-03-11,177,154,204,162,183,1
Hessen,2020-03-12,190,166,212,182,200,1
Hessen,2020-03-13,199.5,175,221,193,211,1
Hessen,2020-03-14,205,183,225,192,210,1
Hessen,2020-03-15,210,186,231,200,218,1
Hessen,2020-03-16,216,191,238,206,224,1
Hessen,2020-03-17,218,195,241,207,225,1
Hessen,2020-03-18,224,198,247,216,235,1
Hessen,2020-03-19,227,202,250,215,234,1
Hessen,2020-03-20,230,204,249,217,237,1
Hessen,2020-03-21,229,202,251,215,236,1
Hessen,2020-03-22,226,201,250,213,233,1
Hessen,2020-03-23,221,198,246,205,226,1
Hessen,2020-03-24,218,196,243,208,226,1
Hessen,2020-03-25,215,191,237,204,223,1
Hessen,2020-03-26,213,189,236,199,217,1
Hessen,2020-03-27,210,185,233,197,217,1
Hessen,2020-03-28,205,179,229,192,211,1
Hessen,2020-03-29,200,172,222,188,207,1
Hessen,2020-03-30,192.5,167,215,180,200,1
Hessen,2020-03-31,186,161,208,172,191,1
Hessen,2020-04-01,181,158,204,169,187,1
Hessen,2020-04-02,177,153,198,170,188,1
Hessen,2020-04-03,171,144,191,159,179,1
Hessen,2020-04-04,166,139,184,159,176,1
Hessen,2020-04-05,157,133,178,147,164,1
Hessen,2020-04-06,148,127,167,138,154,1
Hessen,2020-04-07,143,123,163,133,149,1
Hessen,2020-04-08,139,117,156,130,145,1
Hessen,2020-04-09,136,117,155,128,144,1
Hessen,2020-04-10,133.5,111,151,123,139,1
Hessen,2020-04-11,129,107,147,120,136,1
Hessen,2020-04-12,123,103,141,113,128,1
Hessen,2020-04-13,117,97,134,106,121,1
Hessen,2020-04-14,110,93,128,103,116,1
Hessen,2020-04-15,104,86,120,98,111,1
Hessen,2020-04-16,100,82,116,92,105,1
Hessen,2020-04-17,96,79,111,87,100,1
Hessen,2020-04-18,92,75,106,85,98,1
Hessen,2020-04-19,87,71,103,77,90,1
Hessen,2020-04-20,81,66,96,74,86,1
Hessen,2020-04-21,78,64,93,73,84,1
Hessen,2020-04-22,76,64,91,69,80,1
Hessen,2020-04-23,74,60,88,68,79,1
Hessen,2020-04-24,72,59,85,67,77,1
Hessen,2020-04-25,69,56,83,63,73,1
Hessen,2020-04-26,66,53,78,59,69,1
Hessen,2020-04-27,63,52,76,55,65,1
Hessen,2020-04-28,62,48,72,54,64,1
Hessen,2020-04-29,62,47,72,55,65,1
Hessen,2020-04-30,61,49,72,53,63,1
Hessen,2020-05-01,62,48,73,55,65,1
Hessen,2020-05-02,61,48,73,56,65,1
Hessen,2020-05-03,59,45,70,51,61,1
Hessen,2020-05-04,57,43,67,49,58,0.99
Hessen,2020-05-05,56,44,67,49,58,0.99
Hessen,2020-05-06,56,44,67,49,58,0.99
Hessen,2020-05-07,56,44,68,50,59,0.99
Hessen,2020-05-08,57,44,68,49,59,0.98
Hessen,2020-05-09,58,45,68,52,61,0.98
Hessen,2020-05-10,56,45,69,47,57,0.97
Hessen,2020-05-11,55.5,45,68,49,58,0.96
Hessen,2020-05-12,54,42,66,50,59,0.95
Hessen,2020-05-13,53.5,40,64,48,57,0.94
Hessen,2020-05-14,52,38,62,47,56,0.92
Hessen,2020-05-15,50,38,61,47,56,0.9
Hessen,2020-05-16,48,36,59,40,50,0.88
Hessen,2020-05-17,46,33,58,38,48,0.84
Hessen,2020-05-18,45,31,57,37,47,0.8
Mecklenburg-Vorpommern,2020-01-22,1,1,1,1,1,1
Mecklenburg-Vorpommern,2020-01-23,0,0,0,0,0,1
Mecklenburg-Vorpommern,2020-01-24,0,0,0,0,0,1
Mecklenburg-Vorpommern,2020-01-25,0,0,0,0,0,1
Mecklenburg-Vorpommern,2020-01-26,0.5,0,1,0,1,1
Mecklenburg-Vorpommern,2020-01-27,0,0,0,0,0,1
Mecklenburg-Vorpommern,2020-01-28,1,0,1,1,1,1
Mecklenburg-Vorpommern,2020-01-29,0,0,0,0,0,1
Mecklenburg-Vorpommern,2020-01-30,0,0,1,0,0,1
Mecklenburg-Vorpommern,2020-01-31,0,0,1,0,0,1
Mecklenburg-Vorpommern,2020-02-01,0,0,1,0,0,1
Mecklenburg-Vorpommern,2020-02-02,0,0,1,0,0,1
Mecklenburg-Vorpommern,2020-02-03,0,0,1,0,0,1
Mecklenburg-Vorpommern,2020-02-04,1,0,1,1,1,1
Mecklenburg-Vorpommern,2020-02-05,0,0,1,0,0,1
Mecklenburg-Vorpommern,2020-02-06,0,0,1,0,0,1
Mecklenburg-Vorpommern,2020-02-07,0,0,1,0,0,1
Mecklenburg-Vorpommern,2020-02-08,0,0,1,0,0,1
Mecklenburg-Vorpommern,2020-02-09,0,0,1,0,0,1
Mecklenburg-Vorpommern,2020-02-10,0,0,1,0,0,1
Mecklenburg-Vorpommern,2020-02-11,0,0,1,0,0,1
Mecklenburg-Vorpommern,2020-02-12,0,0,1,0,0,1
Mecklenburg-Vorpommern,2020-02-13,0,0,1,0,0,1
Mecklenburg-Vorpommern,2020-02-14,0,0,1,0,0,1
Mecklenburg-Vorpommern,2020-02-15,0,0,2,0,0,1
Mecklenburg-Vorpommern,2020-02-16,0,0,2,0,0,1
Mecklenburg-Vorpommern,2020-02-17,1,0,2,0,1,1
Mecklenburg-Vorpommern,2020-02-18,1,0,2,0,1,1
Mecklenburg-Vorpommern,2020-02-19,1,0,2,0,1,1
Mecklenburg-Vorpommern,2020-02-20,1,0,3,0,1,1
Mecklenburg-Vorpommern,2020-02-21,1,0,3,0,1,1
Mecklenburg-Vorpommern,2020-02-22,2,0,4,1,2,1
Mecklenburg-Vorpommern,2020-02-23,2,0,4,1,2,1
Mecklenburg-Vorpommern,2020-02-24,2,0,5,0,2,1
Mecklenburg-Vorpommern,2020-02-25,3,0,5,1,3,1
Mecklenburg-Vorpommern,2020-02-26,3,0,6,2,4,1
Mecklenburg-Vorpommern,2020-02-27,4,1,7,1,4,1
Mecklenburg-Vorpommern,2020-02-28,5,1,8,2,5,1
Mecklenburg-Vorpommern,2020-02-29,6,1,9,3,6,1
Mecklenburg-Vorpommern,2020-03-01,7,2,11,5,8,1
Mecklenburg-Vorpommern,2020-03-02,8,3,12,4,8,1
Mecklenburg-Vorpommern,2020-03-03,9,4,14,5,9,1
Mecklenburg-Vorpommern,2020-03-04,10,5,16,7,11,1
Mecklenburg-Vorpommern,2020-03-05,12,7,18,7,12,1
Mecklenburg-Vorpommern,2020-03-06,13,6,18,11,15,1
Mecklenburg-Vorpommern,2020-03-07,15,8,21,12,17,1
Mecklenburg-Vorpommern,2020-03-08,17,10,23,13,18,1
Mecklenburg-Vorpommern,2020-03-09,18,11,24,14,19,1
Mecklenburg-Vorpommern,2020-03-10,19,12,26,14,20,1
Mecklenburg-Vorpommern,2020-03-11,20,14,28,15,21,1
Mecklenburg-Vorpommern,2020-03-12,22,13,28,17,23,1
Mecklenburg-Vorpommern,2020-03-13,22,15,29,19,24,1
Mecklenburg-Vorpommern,2020-03-14,22,15,29,18,23,1
Mecklenburg-Vorpommern,2020-03-15,22,14,29,18,23,1
Mecklenburg-Vorpommern,2020-03-16,22,14,28,17,23,1
Mecklenburg-Vorpommern,2020-03-17,21,14,28,19,24,1
Mecklenburg-Vorpommern,2020-03-18,22,14,29,17,23,1
Mecklenburg-Vorpommern,2020-03-19,23,14,29,18,24,1
Mecklenburg-Vorpommern,2020-03-20,23,14,29,21,26,1
Mecklenburg-Vorpommern,2020-03-21,23,15,30,19,24,1
Mecklenburg-Vorpommern,2020-03-22,22,14,29,18,24,1
Mecklenburg-Vorpommern,2020-03-23,21,13,28,17,23,1
Mecklenburg-Vorpommern,2020-03-24,20,12,27,18,23,1
Mecklenburg-Vorpommern,2020-03-25,20,12,26,14,20,1
Mecklenburg-Vorpommern,2020-03-26,18,10,24,16,21,1
Mecklenburg-Vorpommern,2020-03-27,17,9,23,13,18,1
Mecklenburg-Vorpommern,2020-03-28,16,9,22,12,17,1
Mecklenburg-Vorpommern,2020-03-29,14,8,20,10,15,1
Mecklenburg-Vorpommern,2020-03-30,13,7,18,10,14,1
Mecklenburg-Vorpommern,2020-03-31,11,6,16,8,12,1
Mecklenburg-Vorpommern,2020-04-01,10,4,14,7,11,1
Mecklenburg-Vorpommern,2020-04-02,9,5,14,7,10,1
Mecklenburg-Vorpommern,2020-04-03,8,3,13,7,10,1
Mecklenburg-Vorpommern,2020-04-04,8,3,12,6,9,1
Mecklenburg-Vorpommern,2020-04-05,7,3,11,5,8,1
Mecklenburg-Vorpommern,2020-04-06,6,1,9,3,6,1
Mecklenburg-Vorpommern,2020-04-07,5.5,2,9,3,6,1
Mecklenburg-Vorpommern,2020-04-08,5,1,8,3,5,1
Mecklenburg-Vorpommern,2020-04-09,4,2,8,3,5,1
Mecklenburg-Vorpommern,2020-04-10,4,1,7,2,4,1
Mecklenburg-Vorpommern,2020-04-11,4,1,7,2,4,1
Mecklenburg-Vorpommern,2020-04-12,4,0,6,2,4,1
Mecklenburg-Vorpommern,2020-04-13,3,1,6,2,4,1
Mecklenburg-Vorpommern,2020-04-14,3,1,6,2,4,1
Mecklenburg-Vorpommern,2020-04-15,3,1,6,2,4,1
Mecklenburg-Vorpommern,2020-04-16,3,0,6,2,4,1
Mecklenburg-Vorpommern,2020-04-17,4,1,6,2,4,1
Mecklenburg-Vorpommern,2020-04-18,4,0,6,2,4,1
Mecklenburg-Vorpommern,2020-04-19,4,1,7,2,4,1
Mecklenburg-Vorpommern,2020-04-20,4,1,7,2,4,1
Mecklenburg-Vorpommern,2020-04-21,4,1,7,2,4,1
Mecklenburg-Vorpommern,2020-04-22,4,1,7,2,4,1
Mecklenburg-Vorpommern,2020-04-23,4,1,6,2,4,1
Mecklenburg-Vorpommern,2020-04-24,4,1,6,2,4,1
Mecklenburg-Vorpommern,2020-04-25,3,1,6,2,4,1
Mecklenburg-Vorpommern,2020-04-26,3,1,6,1,3,1
Mecklenburg-Vorpommern,2020-04-27,3,1,6,1,3,0.99
Mecklenburg-Vorpommern,2020-04-28,3,1,6,1,3,0.99
Mecklenburg-Vorpommern,2020-04-29,3,1,6,1,3,0.99
Mecklenburg-Vorpommern,2020-04-30,3,1,6,1,3,0.99
Mecklenburg-Vorpommern,2020-05-01,3,1,6,1,3,0.98
Mecklenburg-Vorpommern,2020-05-02,3,1,6,1,3,0.98
Mecklenburg-Vorpommern,2020-05-03,3,1,6,1,3,0.97
Mecklenburg-Vorpommern,2020-05-04,3,0,5,1,3,0.96
Mecklenburg-Vorpommern,2020-05-05,3,0,5,1,3,0.95
Mecklenburg-Vorpommern,2020-05-06,3,1,6,1,3,0.93
Mecklenburg-Vorpommern,2020-05-07,3,1,6,1,3,0.92
Mecklenburg-Vorpommern,2020-05-08,3,0,6,1,3,0.89
Mecklenburg-Vorpommern,2020-05-09,3,0,6,1,3,0.86
Mecklenburg-Vorpommern,2020-05-10,3,0,7,1,3,0.82
Mecklenburg-Vorpommern,2020-05-11,3,0,7,2,4,0.77
Mecklenburg-Vorpommern,2020-05-12,3,0,9,0,3,0.71
Mecklenburg-Vorpommern,2020-05-13,4,0,11,0,4,0.63
Mecklenburg-Vorpommern,2020-05-14,5,0,15,1,5,0.54
Mecklenburg-Vorpommern,2020-05-15,6,0,20,1,6,0.44
Niedersachsen,2019-12-31,1,1,1,1,1,1
Niedersachsen,2020-01-01,0,0,0,0,0,1
Niedersachsen,2020-01-02,0,0,0,0,0,1
Niedersachsen,2020-01-03,0,0,0,0,0,1
Niedersachsen,2020-01-04,1,0,1,1,1,1
Niedersachsen,2020-01-05,0,0,0,0,0,1
Niedersachsen,2020-01-06,0,0,0,0,0,1
Niedersachsen,2020-01-07,0,0,1,0,0,1
Niedersachsen,2020-01-08,0,0,1,0,0,1
Niedersachsen,2020-01-09,0,0,1,0,0,1
Niedersachsen,2020-01-10,0,0,1,0,0,1
Niedersachsen,2020-01-11,0,0,1,0,0,1
Niedersachsen,2020-01-12,0,0,1,0,0,1
Niedersachsen,2020-01-13,0,0,1,0,0,1
Niedersachsen,2020-01-14,0,0,1,0,0,1
Niedersachsen,2020-01-15,0,0,1,0,0,1
Niedersachsen,2020-01-16,0,0,1,0,0,1
Niedersachsen,2020-01-17,0,0,1,0,0,1
Niedersachsen,2020-01-18,0,0,1,0,0,1
Niedersachsen,2020-01-19,0,0,1,0,0,1
Niedersachsen,2020-01-20,0,0,1,0,0,1
Niedersachsen,2020-01-21,0,0,1,0,0,1
Niedersachsen,2020-01-22,0,0,1,0,0,1
Niedersachsen,2020-01-23,0,0,1,0,0,1
Niedersachsen,2020-01-24,0,0,1,0,0,1
Niedersachsen,2020-01-25,0,0,1,0,0,1
Niedersachsen,2020-01-26,0,0,1,0,0,1
Niedersachsen,2020-01-27,0,0,1,0,0,1
Niedersachsen,2020-01-28,0,0,1,0,0,1
Niedersachsen,2020-01-29,0,0,1,0,0,1
Niedersachsen,2020-01-30,0,0,1,0,0,1
Niedersachsen,2020-01-31,0,0,1,0,0,1
Niedersachsen,2020-02-01,0,0,1,0,0,1
Niedersachsen,2020-02-02,0,0,1,0,0,1
Niedersachsen,2020-02-03,0,0,1,0,0,1
Niedersachsen,2020-02-04,0,0,1,0,0,1
Niedersachsen,2020-02-05,0,0,1,0,0,1
Niedersachsen,2020-02-06,0,0,1,0,0,1
Niedersachsen,2020-02-07,0,0,1,0,0,1
Niedersachsen,2020-02-08,0,0,1,0,0,1
Niedersachsen,2020-02-09,0,0,2,0,0,1
Niedersachsen,2020-02-10,1,0,2,0,1,1
Niedersachsen,2020-02-11,1,0,2,0,1,1
Niedersachsen,2020-02-12,1,0,3,0,1,1
Niedersachsen,2020-02-13,1,0,4,0,1,1
Niedersachsen,2020-02-14,1,0,4,0,1,1
Niedersachsen,2020-02-15,2,0,5,0,2,1
Niedersachsen,2020-02-16,2,0,6,0,2,1
Niedersachsen,2020-02-17,3,0,8,0,3,1
Niedersachsen,2020-02-18,4,0,9,1,4,1
Niedersachsen,2020-02-19,5,0,11,1,5,1
Niedersachsen,2020-02-20,7,0,13,2,7,1
Niedersachsen,2020-02-21,9,1,16,3,9,1
Niedersachsen,2020-02-22,11,3,20,4,11,1
Niedersachsen,2020-02-23,14,3,25,7,15,1
Niedersachsen,2020-02-24,17,5,28,10,19,1
Niedersachsen,2020-02-25,21,7,35,12,23,1
Niedersachsen,2020-02-26,26,11,42,17,29,1
Niedersachsen,2020-02-27,32,14,49,22,36,1
Niedersachsen,2020-02-28,38,19,60,28,43,1
Niedersachsen,2020-02-29,46,26,70,31,49,1
Niedersachsen,2020-03-01,55,34,83,43,62,1
Niedersachsen,2020-03-02,67,37,90,51,73,1
Niedersachsen,2020-03-03,78,53,109,63,85,1
Niedersachsen,2020-03-04,93,61,123,74,98,1
Niedersachsen,2020-03-05,107,75,137,96,120,1
Niedersachsen,2020-03-06,122,90,154,107,132,1
Niedersachsen,2020-03-07,139,108,173,124,151,1
Niedersachsen,2020-03-08,156,122,188,138,166,1
Niedersachsen,2020-03-09,172,139,206,155,183,1
Niedersachsen,2020-03-10,188.5,154,223,174,200,1
Niedersachsen,2020-03-11,206,171,238,187,213,1
Niedersachsen,2020-03-12,222,183,249,208,234,1
Niedersachsen,2020-03-13,236,204,269,219,246,1
Niedersachsen,2020-03-14,246,215,278,227,252,1
Niedersachsen,2020-03-15,256,224,289,245,269,1
Niedersachsen,2020-03-16,263,232,295,247,273,1
Niedersachsen,2020-03-17,271,237,298,257,281,1
Niedersachsen,2020-03-18,277,245,309,267,292,1
Niedersachsen,2020-03-19,287.5,254,316,267,292,1
Niedersachsen,2020-03-20,293,265,324,278,302,1
Niedersachsen,2020-03-21,297,269,326,283,307,1
Niedersachsen,2020-03-22,295.5,267,324,280,303,1
Niedersachsen,2020-03-23,291,265,322,275,298,1
Niedersachsen,2020-03-24,284,251,309,269,293,1
Niedersachsen,2020-03-25,278,246,302,262,286,1
Niedersachsen,2020-03-26,271,241,297,256,280,1
Niedersachsen,2020-03-27,265,239,296,253,275,1
Niedersachsen,2020-03-28,258,227,283,242,265,1
Niedersachsen,2020-03-29,248,217,274,233,256,1
Niedersachsen,2020-03-30,238,212,265,224,247,1
Niedersachsen,2020-03-31,226,200,251,215,236,1
Niedersachsen,2020-04-01,217.5,194,243,208,227,1
Niedersachsen,2020-04-02,208,184,234,197,217,1
Niedersachsen,2020-04-03,201,176,227,189,209,1
Niedersachsen,2020-04-04,190,166,215,176,197,1
Niedersachsen,2020-04-05,178,154,203,164,184,1
Niedersachsen,2020-04-06,165,143,188,152,171,1
Niedersachsen,2020-04-07,155,132,174,142,160,1
Niedersachsen,2020-04-08,148,127,166,140,156,1
Niedersachsen,2020-04-09,144,119,161,135,151,1
Niedersachsen,2020-04-10,141,120,163,131,148,1
Niedersachsen,2020-04-11,137,114,157,125,142,1
Niedersachsen,2020-04-12,133,110,151,124,140,1
Niedersachsen,2020-04-13,124,103,143,113,129,1
Niedersachsen,2020-04-14,115,96,132,104,119,1
Niedersachsen,2020-04-15,107,87,123,96,111,1
Niedersachsen,2020-04-16,101,81,116,89,103,1
Niedersachsen,2020-04-17,94,75,110,85,98,1
Niedersachsen,2020-04-18,88,71,104,78,91,1
Niedersachsen,2020-04-19,81,64,95,76,88,1
Niedersachsen,2020-04-20,75,59,88,65,77,1
Niedersachsen,2020-04-21,69,53,80,61,72,1
Niedersachsen,2020-04-22,66,50,78,58,68,1
Niedersachsen,2020-04-23,62,48,74,56,66,1
Niedersachsen,2020-04-24,61,46,72,53,64,1
Niedersachsen,2020-04-25,59,47,72,54,64,1
Niedersachsen,2020-04-26,57,45,69,50,60,1
Niedersachsen,2020-04-27,56,45,68,51,60,1
Niedersachsen,2020-04-28,55,41,66,47,57,1
Niedersachsen,2020-04-29,56,41,66,50,59,1
Niedersachsen,2020-04-30,55,42,65,49,58,1
Niedersachsen,2020-05-01,55,42,65,49,58,1
Niedersachsen,2020-05-02,53,41,64,47,56,1
Niedersachsen,2020-05-03,51,37,61,45,54,1
Niedersachsen,2020-05-04,48,36,58,44,52,1
Niedersachsen,2020-05-05,46,35,57,40,49,0.99
Niedersachsen,2020-05-06,45,33,55,41,49,0.99
Niedersachsen,2020-05-07,45,33,55,37,46,0.99
Niedersachsen,2020-05-08,46,34,56,39,48,0.99
Niedersachsen,2020-05-09,47,35,56,41,49,0.98
Niedersachsen,2020-05-10,48,35,59,43,52,0.98
Niedersachsen,2020-05-11,49,36,60,43,52,0.97
Niedersachsen,2020-05-12,49,38,62,41,51,0.96
Niedersachsen,2020-05-13,51,39,63,46,55,0.95
Niedersachsen,2020-05-14,53,42,66,47,57,0.93
Niedersachsen,2020-05-15,55,44,69,47,57,0.91
Niedersachsen,2020-05-16,55,42,68,48,58,0.89
Niedersachsen,2020-05-17,54,42,68,45,56,0.86
Niedersachsen,2020-05-18,53,41,66,46,56,0.82
Nordrhein-Westfalen,2019-12-21,1,1,1,1,1,1
Nordrhein-Westfalen,2019-12-22,0,0,0,0,0,1
Nordrhein-Westfalen,2019-12-23,0,0,0,0,0,1
Nordrhein-Westfalen,2019-12-24,0,0,0,0,0,1
Nordrhein-Westfalen,2019-12-25,0,0,0,0,0,1
Nordrhein-Westfalen,2019-12-26,0,0,0,0,0,1
Nordrhein-Westfalen,2019-12-27,1,0,1,1,1,1
Nordrhein-Westfalen,2019-12-28,0.5,0,1,0,1,1
Nordrhein-Westfalen,2019-12-29,0,0,1,0,0,1
Nordrhein-Westfalen,2019-12-30,0,0,1,0,0,1
Nordrhein-Westfalen,2019-12-31,0,0,1,0,0,1
Nordrhein-Westfalen,2020-01-01,0,0,1,0,0,1
Nordrhein-Westfalen,2020-01-02,0,0,1,0,0,1
Nordrhein-Westfalen,2020-01-03,0,0,1,0,0,1
Nordrhein-Westfalen,2020-01-04,0,0,1,0,0,1
Nordrhein-Westfalen,2020-01-05,0,0,1,0,0,1
Nordrhein-Westfalen,2020-01-06,0,0,1,0,0,1
Nordrhein-Westfalen,2020-01-07,0,0,1,0,0,1
Nordrhein-Westfalen,2020-01-08,0,0,1,0,0,1
Nordrhein-Westfalen,2020-01-09,0,0,1,0,0,1
Nordrhein-Westfalen,2020-01-10,0,0,1,0,0,1
Nordrhein-Westfalen,2020-01-11,0,0,1,0,0,1
Nordrhein-Westfalen,2020-01-12,0,0,1,0,0,1
Nordrhein-Westfalen,2020-01-13,0,0,1,0,0,1
Nordrhein-Westfalen,2020-01-14,0,0,1,0,0,1
Nordrhein-Westfalen,2020-01-15,0,0,1,0,0,1
Nordrhein-Westfalen,2020-01-16,0,0,1,0,0,1
Nordrhein-Westfalen,2020-01-17,0,0,1,0,0,1
Nordrhein-Westfalen,2020-01-18,0,0,1,0,0,1
Nordrhein-Westfalen,2020-01-19,0,0,1,0,0,1
Nordrhein-Westfalen,2020-01-20,0,0,1,0,0,1
Nordrhein-Westfalen,2020-01-21,0,0,1,0,0,1
Nordrhein-Westfalen,2020-01-22,0,0,1,0,0,1
Nordrhein-Westfalen,2020-01-23,0,0,1,0,0,1
Nordrhein-Westfalen,2020-01-24,0,0,1,0,0,1
Nordrhein-Westfalen,2020-01-25,0,0,1,0,0,1
Nordrhein-Westfalen,2020-01-26,0,0,1,0,0,1
Nordrhein-Westfalen,2020-01-27,0,0,1,0,0,1
Nordrhein-Westfalen,2020-01-28,0,0,1,0,0,1
Nordrhein-Westfalen,2020-01-29,0,0,1,0,0,1
Nordrhein-Westfalen,2020-01-30,0,0,1,0,0,1
Nordrhein-Westfalen,2020-01-31,0,0,1,0,0,1
Nordrhein-Westfalen,2020-02-01,0,0,2,0,0,1
Nordrhein-Westfalen,2020-02-02,0,0,2,0,0,1
Nordrhein-Westfalen,2020-02-03,1,0,3,0,1,1
Nordrhein-Westfalen,2020-02-04,1,0,3,0,1,1
Nordrhein-Westfalen,2020-02-05,1,0,4,0,1,1
Nordrhein-Westfalen,2020-02-06,2,0,5,0,2,1
Nordrhein-Westfalen,2020-02-07,2,0,6,0,2,1
Nordrhein-Westfalen,2020-02-08,3,0,7,1,3,1
Nordrhein-Westfalen,2020-02-09,3,0,8,0,3,1
Nordrhein-Westfalen,2020-02-10,4,0,10,2,5,1
Nordrhein-Westfalen,2020-02-11,6,0,12,2,6,1
Nordrhein-Westfalen,2020-02-12,7,1,15,3,8,1
Nordrhein-Westfalen,2020-02-13,10,1,18,3,10,1
Nordrhein-Westfalen,2020-02-14,11,2,22,6,13,1
Nordrhein-Westfalen,2020-02-15,15,3,27,6,15,1
Nordrhein-Westfalen,2020-02-16,18,4,32,11,21,1
Nordrhein-Westfalen,2020-02-17,23,8,40,12,24,1
Nordrhein-Westfalen,2020-02-18,29,10,47,19,33,1
Nordrhein-Westfalen,2020-02-19,35,14,58,24,40,1
Nordrhein-Westfalen,2020-02-20,44,20,69,28,48,1
Nordrhein-Westfalen,2020-02-21,53,23,81,35,57,1
Nordrhein-Westfalen,2020-02-22,63,32,96,43,67,1
Nordrhein-Westfalen,2020-02-23,76,41,113,60,87,1
Nordrhein-Westfalen,2020-02-24,89,52,133,65,96,1
Nordrhein-Westfalen,2020-02-25,105,62,155,81,116,1
Nordrhein-Westfalen,2020-02-26,125,78,179,95,136,1
Nordrhein-Westfalen,2020-02-27,146,93,207,115,159,1
Nordrhein-Westfalen,2020-02-28,171,117,239,142,189,1
Nordrhein-Westfalen,2020-02-29,198,138,278,165,217,1
Nordrhein-Westfalen,2020-03-01,231,159,308,195,253,1
Nordrhein-Westfalen,2020-03-02,267,176,337,241,306,1
Nordrhein-Westfalen,2020-03-03,305,216,390,259,326,1
Nordrhein-Westfalen,2020-03-04,353,263,440,309,381,1
Nordrhein-Westfalen,2020-03-05,402,303,491,359,428,1
Nordrhein-Westfalen,2020-03-06,454,364,546,417,487,1
Nordrhein-Westfalen,2020-03-07,507,424,610,461,535,1
Nordrhein-Westfalen,2020-03-08,561,464,642,527,598,1
Nordrhein-Westfalen,2020-03-09,609,526,692,565,636,1
Nordrhein-Westfalen,2020-03-10,659.5,581,738,633,697,1
Nordrhein-Westfalen,2020-03-11,706.5,638,779,680,739,1
Nordrhein-Westfalen,2020-03-12,743,673,812,715,768,1
Nordrhein-Westfalen,2020-03-13,778,713,834,762,812,1
Nordrhein-Westfalen,2020-03-14,799,739,859,772,821,1
Nordrhein-Westfalen,2020-03-15,806,746,861,776,823,1
Nordrhein-Westfalen,2020-03-16,815,751,869,791,837,1
Nordrhein-Westfalen,2020-03-17,816,759,877,788,833,1
Nordrhein-Westfalen,2020-03-18,824,767,887,800,847,1
Nordrhein-Westfalen,2020-03-19,837,781,902,811,857,1
Nordrhein-Westfalen,2020-03-20,848.5,796,908,823,870,1
Nordrhein-Westfalen,2020-03-21,855,804,911,826,870,1
Nordrhein-Westfalen,2020-03-22,855,798,908,829,874,1
Nordrhein-Westfalen,2020-03-23,846.5,797,910,816,862,1
Nordrhein-Westfalen,2020-03-24,836,781,888,808,851,1
Nordrhein-Westfalen,2020-03-25,827,774,880,808,851,1
Nordrhein-Westfalen,2020-03-26,818,754,864,792,839,1
Nordrhein-Westfalen,2020-03-27,807.5,748,865,776,824,1
Nordrhein-Westfalen,2020-03-28,794,728,847,771,816,1
Nordrhein-Westfalen,2020-03-29,765,704,820,737,785,1
Nordrhein-Westfalen,2020-03-30,734,672,784,707,753,1
Nordrhein-Westfalen,2020-03-31,698,637,747,675,717,1
Nordrhein-Westfalen,2020-04-01,666.5,617,721,640,684,1
Nordrhein-Westfalen,2020-04-02,643,589,692,623,666,1
Nordrhein-Westfalen,2020-04-03,617,564,669,591,632,1
Nordrhein-Westfalen,2020-04-04,588,538,642,566,608,1
Nordrhein-Westfalen,2020-04-05,552.5,504,598,525,566,1
Nordrhein-Westfalen,2020-04-06,515.5,472,562,493,530,1
Nordrhein-Westfalen,2020-04-07,486,442,522,464,497,1
Nordrhein-Westfalen,2020-04-08,465,422,500,451,480,1
Nordrhein-Westfalen,2020-04-09,453,414,493,436,469,1
Nordrhein-Westfalen,2020-04-10,444,399,483,427,461,1
Nordrhein-Westfalen,2020-04-11,434,391,475,419,451,1
Nordrhein-Westfalen,2020-04-12,417,375,458,394,429,1
Nordrhein-Westfalen,2020-04-13,394,347,433,374,409,1
Nordrhein-Westfalen,2020-04-14,367,327,406,351,381,1
Nordrhein-Westfalen,2020-04-15,339,302,376,326,355,1
Nordrhein-Westfalen,2020-04-16,315.5,281,352,299,326,1
Nordrhein-Westfalen,2020-04-17,294,259,326,273,301,1
Nordrhein-Westfalen,2020-04-18,276,245,306,262,286,1
Nordrhein-Westfalen,2020-04-19,255,227,285,241,265,1
Nordrhein-Westfalen,2020-04-20,241,212,264,226,247,1
Nordrhein-Westfalen,2020-04-21,228,204,256,215,235,1
Nordrhein-Westfalen,2020-04-22,220,196,244,206,226,1
Nordrhein-Westfalen,2020-04-23,218,192,241,206,224,1
Nordrhein-Westfalen,2020-04-24,215,188,238,201,221,1
Nordrhein-Westfalen,2020-04-25,213,185,235,201,221,1
Nordrhein-Westfalen,2020-04-26,208,182,233,195,215,1
Nordrhein-Westfalen,2020-04-27,203,179,227,190,210,1
Nordrhein-Westfalen,2020-04-28,198.5,177,222,186,204,1
Nordrhein-Westfalen,2020-04-29,196,167,217,183,202,1
Nordrhein-Westfalen,2020-04-30,196,170,216,184,202,1
Nordrhein-Westfalen,2020-05-01,194,167,215,184,202,1
Nordrhein-Westfalen,2020-05-02,192,169,214,179,198,1
Nordrhein-Westfalen,2020-05-03,185,161,207,175,194,1
Nordrhein-Westfalen,2020-05-04,179,154,199,166,185,1
Nordrhein-Westfalen,2020-05-05,169,146,192,160,178,0.99
Nordrhein-Westfalen,2020-05-06,164,142,184,151,169,0.99
Nordrhein-Westfalen,2020-05-07,160,138,180,149,166,0.99
Nordrhein-Westfalen,2020-05-08,155,134,174,143,160,0.99
Nordrhein-Westfalen,2020-05-09,149,127,169,138,155,0.98
Nordrhein-Westfalen,2020-05-10,144.5,121,162,134,151,0.98
Nordrhein-Westfalen,2020-05-11,138,117,157,126,142,0.97
Nordrhein-Westfalen,2020-05-12,131,111,150,122,138,0.96
Nordrhein-Westfalen,2020-05-13,126,105,144,116,131,0.95
Nordrhein-Westfalen,2020-05-14,122,101,138,116,130,0.93
Nordrhein-Westfalen,2020-05-15,118,101,136,109,123,0.91
Nordrhein-Westfalen,2020-05-16,115,96,132,108,123,0.89
Nordrhein-Westfalen,2020-05-17,112,93,132,103,118,0.86
Nordrhein-Westfalen,2020-05-18,110,88,128,99,115,0.81
Rheinland-Pfalz,2020-01-15,1,1,1,1,1,1
Rheinland-Pfalz,2020-01-16,0,0,0,0,0,1
Rheinland-Pfalz,2020-01-17,0,0,0,0,0,1
Rheinland-Pfalz,2020-01-18,0.5,0,1,0,1,1
Rheinland-Pfalz,2020-01-19,0,0,0,0,0,1
Rheinland-Pfalz,2020-01-20,0.5,0,1,0,1,1
Rheinland-Pfalz,2020-01-21,0,0,1,0,0,1
Rheinland-Pfalz,2020-01-22,0,0,0,0,0,1
Rheinland-Pfalz,2020-01-23,0,0,1,0,0,1
Rheinland-Pfalz,2020-01-24,0,0,1,0,0,1
Rheinland-Pfalz,2020-01-25,0,0,1,0,0,1
Rheinland-Pfalz,2020-01-26,0,0,1,0,0,1
Rheinland-Pfalz,2020-01-27,0,0,1,0,0,1
Rheinland-Pfalz,2020-01-28,0,0,1,0,0,1
Rheinland-Pfalz,2020-01-29,0,0,1,0,0,1
Rheinland-Pfalz,2020-01-30,0,0,1,0,0,1
Rheinland-Pfalz,2020-01-31,0,0,1,0,0,1
Rheinland-Pfalz,2020-02-01,0,0,1,0,0,1
Rheinland-Pfalz,2020-02-02,0,0,1,0,0,1
Rheinland-Pfalz,2020-02-03,0,0,1,0,0,1
Rheinland-Pfalz,2020-02-04,0,0,1,0,0,1
Rheinland-Pfalz,2020-02-05,0,0,1,0,0,1
Rheinland-Pfalz,2020-02-06,0,0,1,0,0,1
Rheinland-Pfalz,2020-02-07,0,0,1,0,0,1
Rheinland-Pfalz,2020-02-08,0,0,2,0,0,1
Rheinland-Pfalz,2020-02-09,1,0,2,0,1,1
Rheinland-Pfalz,2020-02-10,1,0,2,0,1,1
Rheinland-Pfalz,2020-02-11,1,0,2,0,1,1
Rheinland-Pfalz,2020-02-12,1,0,3,0,1,1
Rheinland-Pfalz,2020-02-13,1,0,3,0,1,1
Rheinland-Pfalz,2020-02-14,1,0,4,0,1,1
Rheinland-Pfalz,2020-02-15,2,0,4,1,2,1
Rheinland-Pfalz,2020-02-16,2,0,5,0,2,1
Rheinland-Pfalz,2020-02-17,3,0,6,1,3,1
Rheinland-Pfalz,2020-02-18,3,0,8,0,3,1
Rheinland-Pfalz,2020-02-19,4,0,9,2,5,1
Rheinland-Pfalz,2020-02-20,5,1,11,2,6,1
Rheinland-Pfalz,2020-02-21,7,0,13,2,7,1
Rheinland-Pfalz,2020-02-22,9,1,16,5,10,1
Rheinland-Pfalz,2020-02-23,11,3,20,4,11,1
Rheinland-Pfalz,2020-02-24,14,4,24,6,14,1
Rheinland-Pfalz,2020-02-25,17,5,28,10,19,1
Rheinland-Pfalz,2020-02-26,21,9,34,14,24,1
Rheinland-Pfalz,2020-02-27,26,13,40,16,27,1
Rheinland-Pfalz,2020-02-28,32,16,47,22,35,1
Rheinland-Pfalz,2020-02-29,38,20,55,31,44,1
Rheinland-Pfalz,2020-03-01,46,26,64,34,49,1
Rheinland-Pfalz,2020-03-02,54,31,74,43,60,1
Rheinland-Pfalz,2020-03-03,64,43,85,51,68,1
Rheinland-Pfalz,2020-03-04,76,55,97,60,79,1
Rheinland-Pfalz,2020-03-05,87,65,113,74,93,1
Rheinland-Pfalz,2020-03-06,100,73,121,87,106,1
Rheinland-Pfalz,2020-03-07,111,85,132,100,119,1
Rheinland-Pfalz,2020-03-08,122,96,142,109,127,1
Rheinland-Pfalz,2020-03-09,134,111,156,122,140,1
Rheinland-Pfalz,2020-03-10,144,119,164,138,155,1
Rheinland-Pfalz,2020-03-11,153,134,175,140,157,1
Rheinland-Pfalz,2020-03-12,160,139,181,149,166,1
Rheinland-Pfalz,2020-03-13,165,144,185,156,172,1
Rheinland-Pfalz,2020-03-14,170,149,190,157,174,1
Rheinland-Pfalz,2020-03-15,173,151,193,164,180,1
Rheinland-Pfalz,2020-03-16,176,156,198,165,182,1
Rheinland-Pfalz,2020-03-17,179,153,198,167,184,1
Rheinland-Pfalz,2020-03-18,182,162,205,171,189,1
Rheinland-Pfalz,2020-03-19,183,160,204,175,192,1
Rheinland-Pfalz,2020-03-20,183,158,203,172,190,1
Rheinland-Pfalz,2020-03-21,181,158,201,169,186,1
Rheinland-Pfalz,2020-03-22,178,154,200,167,186,1
Rheinland-Pfalz,2020-03-23,173,151,195,163,179,1
Rheinland-Pfalz,2020-03-24,167,146,188,153,171,1
Rheinland-Pfalz,2020-03-25,164,140,184,154,172,1
Rheinland-Pfalz,2020-03-26,159,135,180,148,166,1
Rheinland-Pfalz,2020-03-27,154,129,175,142,160,1
Rheinland-Pfalz,2020-03-28,149,123,170,138,157,1
Rheinland-Pfalz,2020-03-29,141,116,161,131,148,1
Rheinland-Pfalz,2020-03-30,133,111,153,122,139,1
Rheinland-Pfalz,2020-03-31,126,107,147,113,130,1
Rheinland-Pfalz,2020-04-01,119,96,137,108,123,1
Rheinland-Pfalz,2020-04-02,114,95,133,103,118,1
Rheinland-Pfalz,2020-04-03,107,85,123,96,111,1
Rheinland-Pfalz,2020-04-04,100,84,119,91,105,1
Rheinland-Pfalz,2020-04-05,94,76,110,89,102,1
Rheinland-Pfalz,2020-04-06,88,71,103,83,96,1
Rheinland-Pfalz,2020-04-07,83,65,96,73,86,1
Rheinland-Pfalz,2020-04-08,79,62,94,73,85,1
Rheinland-Pfalz,2020-04-09,76,62,92,70,81,1
Rheinland-Pfalz,2020-04-10,73,56,86,65,76,1
Rheinland-Pfalz,2020-04-11,69,54,83,60,72,1
Rheinland-Pfalz,2020-04-12,63,49,77,58,69,1
Rheinland-Pfalz,2020-04-13,57,45,72,49,60,1
Rheinland-Pfalz,2020-04-14,52,40,64,45,55,1
Rheinland-Pfalz,2020-04-15,48,37,60,43,52,1
Rheinland-Pfalz,2020-04-16,46,35,56,42,50,1
Rheinland-Pfalz,2020-04-17,43,31,53,36,45,1
Rheinland-Pfalz,2020-04-18,42,32,53,34,43,1
Rheinland-Pfalz,2020-04-19,39,28,48,33,41,1
Rheinland-Pfalz,2020-04-20,37,27,46,30,38,1
Rheinland-Pfalz,2020-04-21,35,24,43,28,36,1
Rheinland-Pfalz,2020-04-22,33,25,42,27,34,1
Rheinland-Pfalz,2020-04-23,31,22,39,26,33,1
Rheinland-Pfalz,2020-04-24,30,21,39,25,32,1
Rheinland-Pfalz,2020-04-25,29,21,38,24,31,1
Rheinland-Pfalz,2020-04-26,27,18,35,24,30,1
Rheinland-Pfalz,2020-04-27,26,18,34,22,28,1
Rheinland-Pfalz,2020-04-28,25,17,33,21,27,1
Rheinland-Pfalz,2020-04-29,25,17,32,20,26,1
Rheinland-Pfalz,2020-04-30,25,17,32,20,26,1
Rheinland-Pfalz,2020-05-01,25,17,32,20,26,1
Rheinland-Pfalz,2020-05-02,25,16,31,21,27,1
Rheinland-Pfalz,2020-05-03,24,15,31,20,26,0.99
Rheinland-Pfalz,2020-05-04,23,15,30,19,25,0.99
Rheinland-Pfalz,2020-05-05,23,16,30,18,24,0.99
Rheinland-Pfalz,2020-05-06,22,15,29,17,23,0.99
Rheinland-Pfalz,2020-05-07,22,14,28,17,23,0.98
Rheinland-Pfalz,2020-05-08,21,14,28,16,22,0.98
Rheinland-Pfalz,2020-05-09,21,13,27,17,22,0.97
Rheinland-Pfalz,2020-05-10,19,12,26,14,20,0.97
Rheinland-Pfalz,2020-05-11,19,11,25,16,21,0.96
Rheinland-Pfalz,2020-05-12,18,10,24,14,19,0.94
Rheinland-Pfalz,2020-05-13,17,9,23,13,18,0.93
Rheinland-Pfalz,2020-05-14,17,9,23,11,17,0.91
Rheinland-Pfalz,2020-05-15,17,9,23,14,19,0.88
Rheinland-Pfalz,2020-05-16,17,9,24,11,17,0.84
Rheinland-Pfalz,2020-05-17,17,9,25,13,19,0.8
Rheinland-Pfalz,2020-05-18,18,9,27,13,20,0.74
Saarland,2020-01-26,1,1,1,1,1,1
Saarland,2020-01-27,0,0,1,0,0,1
Saarland,2020-01-28,0,0,1,0,0,1
Saarland,2020-01-29,0,0,1,0,0,1
Saarland,2020-01-30,1,0,1,1,1,1
Saarland,2020-01-31,0,0,1,0,0,1
Saarland,2020-02-01,0,0,1,0,0,1
Saarland,2020-02-02,0,0,1,0,0,1
Saarland,2020-02-03,0,0,1,0,0,1
Saarland,2020-02-04,0,0,1,0,0,1
Saarland,2020-02-05,0,0,1,0,0,1
Saarland,2020-02-06,0,0,1,0,0,1
Saarland,2020-02-07,0,0,1,0,0,1
Saarland,2020-02-08,0,0,1,0,0,1
Saarland,2020-02-09,0,0,1,0,0,1
Saarland,2020-02-10,0,0,1,0,0,1
Saarland,2020-02-11,0,0,1,0,0,1
Saarland,2020-02-12,0,0,1,0,0,1
Saarland,2020-02-13,0,0,1,0,0,1
Saarland,2020-02-14,0,0,1,0,0,1
Saarland,2020-02-15,0,0,2,0,0,1
Saarland,2020-02-16,1,0,2,0,1,1
Saarland,2020-02-17,1,0,2,0,1,1
Saarland,2020-02-18,1,0,2,0,1,1
Saarland,2020-02-19,1,0,3,0,1,1
Saarland,2020-02-20,1,0,3,0,1,1
Saarland,2020-02-21,1,0,4,0,1,1
Saarland,2020-02-22,2,0,5,0,2,1
Saarland,2020-02-23,2,0,5,0,2,1
Saarland,2020-02-24,3,0,7,1,3,1
Saarland,2020-02-25,4,0,8,1,4,1
Saarland,2020-02-26,5,0,9,2,5,1
Saarland,2020-02-27,6,1,11,2,6,1
Saarland,2020-02-28,7,2,13,4,8,1
Saarland,2020-02-29,9,3,15,5,10,1
Saarland,2020-03-01,11,4,18,7,12,1
Saarland,2020-03-02,13,5,20,10,15,1
Saarland,2020-03-03,16,7,23,11,17,1
Saarland,2020-03-04,19,9,26,15,21,1
Saarland,2020-03-05,21,12,30,16,23,1
Saarland,2020-03-06,25,14,34,21,28,1
Saarland,2020-03-07,28,17,38,22,30,1
Saarland,2020-03-08,32,20,41,26,34,1
Saarland,2020-03-09,35,25,46,28,37,1
Saarland,2020-03-10,39,26,50,30,40,1
Saarland,2020-03-11,42,29,54,37,46,1
Saarland,2020-03-12,47,35,59,39,49,1
Saarland,2020-03-13,50,38,63,43,53,1
Saarland,2020-03-14,54,40,66,50,60,1
Saarland,2020-03-15,58,44,70,53,63,1
Saarland,2020-03-16,61,46,73,54,65,1
Saarland,2020-03-17,66,50,79,57,68,1
Saarland,2020-03-18,70,55,84,62,73,1
Saarland,2020-03-19,76,60,89,67,79,1
Saarland,2020-03-20,79,62,93,72,83,1
Saarland,2020-03-21,84,69,98,80,91,1
Saarland,2020-03-22,89,74,103,83,94,1
Saarland,2020-03-23,92,74,105,84,96,1
Saarland,2020-03-24,95,77,110,88,100,1
Saarland,2020-03-25,97.5,80,111,87,100,1
Saarland,2020-03-26,98,79,112,90,103,1
Saarland,2020-03-27,96,78,111,89,102,1
Saarland,2020-03-28,92,74,108,84,97,1
Saarland,2020-03-29,88,70,104,79,93,1
Saarland,2020-03-30,82,66,100,73,86,1
Saarland,2020-03-31,76,59,90,66,79,1
Saarland,2020-04-01,69.5,53,85,63,75,1
Saarland,2020-04-02,64,50,81,58,70,1
Saarland,2020-04-03,57,41,71,52,63,1
Saarland,2020-04-04,51,38,63,46,56,1
Saarland,2020-04-05,44,31,56,38,48,1
Saarland,2020-04-06,38,26,48,32,40,1
Saarland,2020-04-07,33,23,42,28,35,1
Saarland,2020-04-08,30,21,38,24,31,1
Saarland,2020-04-09,28,20,36,23,30,1
Saarland,2020-04-10,27,17,34,21,28,1
Saarland,2020-04-11,25,16,33,21,27,1
Saarland,2020-04-12,24,16,31,20,26,1
Saarland,2020-04-13,22,15,30,17,23,1
Saarland,2020-04-14,22,14,28,19,24,1
Saarland,2020-04-15,20,13,27,17,22,1
Saarland,2020-04-16,19,12,26,16,21,1
Saarland,2020-04-17,19,10,24,16,21,1
Saarland,2020-04-18,17,10,23,13,18,1
Saarland,2020-04-19,16,9,22,12,17,1
Saarland,2020-04-20,15,7,20,11,16,1
Saarland,2020-04-21,13,7,19,9,14,1
Saarland,2020-04-22,13,7,18,11,15,1
Saarland,2020-04-23,12,6,17,9,13,1
Saarland,2020-04-24,11,7,17,8,12,1
Saarland,2020-04-25,10,6,16,7,11,1
Saarland,2020-04-26,9,5,14,6,10,1
Saarland,2020-04-27,8,3,12,6,9,1
Saarland,2020-04-28,7,3,11,5,8,1
Saarland,2020-04-29,6,2,10,4,7,1
Saarland,2020-04-30,6,1,9,3,6,1
Saarland,2020-05-01,5,2,9,4,6,1
Saarland,2020-05-02,5,1,8,3,5,0.99
Saarland,2020-05-03,5,1,7,3,5,0.99
Saarland,2020-05-04,4,1,7,3,5,0.99
Saarland,2020-05-05,4,1,7,2,4,0.99
Saarland,2020-05-06,4,1,7,2,4,0.98
Saarland,2020-05-07,4,1,7,2,4,0.98
Saarland,2020-05-08,4,1,7,2,4,0.97
Saarland,2020-05-09,4,1,7,2,4,0.96
Saarland,2020-05-10,4,1,7,2,4,0.95
Saarland,2020-05-11,3,0,6,2,4,0.94
Saarland,2020-05-12,4,0,6,2,4,0.92
Saarland,2020-05-13,4,1,7,2,4,0.89
Saarland,2020-05-14,4,1,8,1,4,0.87
Saarland,2020-05-15,4,0,8,1,4,0.83
Saarland,2020-05-16,5,0,9,2,5,0.78
Saarland,2020-05-17,5,0,10,3,6,0.72
Sachsen,2020-01-26,1,1,1,1,1,1
Sachsen,2020-01-27,0.5,0,1,0,1,1
Sachsen,2020-01-28,0,0,1,0,0,1
Sachsen,2020-01-29,1,0,1,1,1,1
Sachsen,2020-01-30,0,0,1,0,0,1
Sachsen,2020-01-31,0,0,1,0,0,1
Sachsen,2020-02-01,0,0,1,0,0,1
Sachsen,2020-02-02,0,0,1,0,0,1
Sachsen,2020-02-03,0,0,1,0,0,1
Sachsen,2020-02-04,0,0,1,0,0,1
Sachsen,2020-02-05,0,0,1,0,0,1
Sachsen,2020-02-06,0,0,1,0,0,1
Sachsen,2020-02-07,0,0,1,0,0,1
Sachsen,2020-02-08,0,0,1,0,0,1
Sachsen,2020-02-09,0,0,1,0,0,1
Sachsen,2020-02-10,0,0,2,0,0,1
Sachsen,2020-02-11,0,0,2,0,0,1
Sachsen,2020-02-12,1,0,2,0,1,1
Sachsen,2020-02-13,1,0,2,0,1,1
Sachsen,2020-02-14,1,0,3,0,1,1
Sachsen,2020-02-15,1,0,3,0,1,1
Sachsen,2020-02-16,1,0,3,0,1,1
Sachsen,2020-02-17,1,0,4,0,1,1
Sachsen,2020-02-18,2,0,5,0,2,1
Sachsen,2020-02-19,2,0,6,0,2,1
Sachsen,2020-02-20,3,0,7,0,3,1
Sachsen,2020-02-21,4,0,9,1,4,1
Sachsen,2020-02-22,5,1,11,1,5,1
Sachsen,2020-02-23,6,1,12,3,7,1
Sachsen,2020-02-24,8,2,15,4,9,1
Sachsen,2020-02-25,10,3,18,5,11,1
Sachsen,2020-02-26,13,3,20,8,14,1
Sachsen,2020-02-27,15.5,6,26,9,17,1
Sachsen,2020-02-28,19,6,30,14,22,1
Sachsen,2020-02-29,23,12,36,15,25,1
Sachsen,2020-03-01,28,15,42,21,31,1
Sachsen,2020-03-02,34,19,50,26,37,1
Sachsen,2020-03-03,40,25,56,31,43,1
Sachsen,2020-03-04,47,30,64,38,51,1
Sachsen,2020-03-05,55,35,71,47,61,1
Sachsen,2020-03-06,63,43,79,54,68,1
Sachsen,2020-03-07,71,51,89,58,74,1
Sachsen,2020-03-08,82,61,99,72,88,1
Sachsen,2020-03-09,90,71,110,80,96,1
Sachsen,2020-03-10,100,77,118,91,107,1
Sachsen,2020-03-11,109,90,129,100,115,1
Sachsen,2020-03-12,117,96,133,109,124,1
Sachsen,2020-03-13,125,104,141,119,133,1
Sachsen,2020-03-14,130,112,149,121,136,1
Sachsen,2020-03-15,134,115,152,126,141,1
Sachsen,2020-03-16,137,117,155,127,142,1
Sachsen,2020-03-17,141,122,159,131,146,1
Sachsen,2020-03-18,144,125,162,133,148,1
Sachsen,2020-03-19,147,128,165,139,154,1
Sachsen,2020-03-20,149,128,168,139,155,1
Sachsen,2020-03-21,150,132,169,137,153,1
Sachsen,2020-03-22,149,128,168,140,156,1
Sachsen,2020-03-23,145,126,165,135,150,1
Sachsen,2020-03-24,144,122,163,137,153,1
Sachsen,2020-03-25,142,123,163,129,146,1
Sachsen,2020-03-26,139,118,159,129,146,1
Sachsen,2020-03-27,135,112,157,124,141,1
Sachsen,2020-03-28,129,105,148,118,135,1
Sachsen,2020-03-29,120,97,140,108,126,1
Sachsen,2020-03-30,111,92,133,102,119,1
Sachsen,2020-03-31,102,82,119,89,105,1
Sachsen,2020-04-01,94,75,110,83,98,1
Sachsen,2020-04-02,88,70,105,78,92,1
Sachsen,2020-04-03,83,67,100,74,88,1
Sachsen,2020-04-04,77,60,92,67,81,1
Sachsen,2020-04-05,71,54,84,64,76,1
Sachsen,2020-04-06,65,49,78,59,70,1
Sachsen,2020-04-07,59,45,71,50,61,1
Sachsen,2020-04-08,54,41,65,46,56,1
Sachsen,2020-04-09,50,36,61,43,53,1
Sachsen,2020-04-10,47,34,58,40,49,1
Sachsen,2020-04-11,44,32,54,37,46,1
Sachsen,2020-04-12,41,29,50,34,43,1
Sachsen,2020-04-13,38,28,48,33,41,1
Sachsen,2020-04-14,36,26,45,30,38,1
Sachsen,2020-04-15,34,25,43,29,36,1
Sachsen,2020-04-16,32.5,24,42,27,34,1
Sachsen,2020-04-17,32,22,40,26,33,1
Sachsen,2020-04-18,31,21,38,27,33,1
Sachsen,2020-04-19,29,20,37,23,30,1
Sachsen,2020-04-20,28,19,36,22,29,1
Sachsen,2020-04-21,28,19,35,22,29,1
Sachsen,2020-04-22,27,18,34,23,29,1
Sachsen,2020-04-23,27,18,33,23,29,1
Sachsen,2020-04-24,27,18,34,23,29,1
Sachsen,2020-04-25,27,19,35,24,30,1
Sachsen,2020-04-26,27,18,34,23,29,1
Sachsen,2020-04-27,27,19,35,22,28,1
Sachsen,2020-04-28,27,18,34,23,29,1
Sachsen,2020-04-29,27,18,34,24,30,1
Sachsen,2020-04-30,27,17,34,21,28,1
Sachsen,2020-05-01,27,18,34,23,29,1
Sachsen,2020-05-02,26,17,33,23,29,1
Sachsen,2020-05-03,24,15,31,20,26,1
Sachsen,2020-05-04,24,15,30,20,26,0.99
Sachsen,2020-05-05,22,15,30,17,23,0.99
Sachsen,2020-05-06,21,14,28,16,22,0.99
Sachsen,2020-05-07,21,12,27,17,22,0.99
Sachsen,2020-05-08,20,12,26,15,21,0.98
Sachsen,2020-05-09,19,11,25,17,22,0.98
Sachsen,2020-05-10,18,10,24,14,19,0.97
Sachsen,2020-05-11,17,10,23,12,17,0.96
Sachsen,2020-05-12,16,9,22,12,17,0.95
Sachsen,2020-05-13,15,9,21,11,16,0.93
Sachsen,2020-05-14,15,8,20,13,17,0.91
Sachsen,2020-05-15,14,8,20,10,15,0.89
Sachsen,2020-05-16,14,7,19,10,15,0.86
Sachsen,2020-05-17,13,6,19,9,14,0.82
Sachsen,2020-05-18,13,6,20,9,14,0.77
Sachsen-Anhalt,2020-01-29,1,1,1,1,1,1
Sachsen-Anhalt,2020-01-30,1,0,1,1,1,1
Sachsen-Anhalt,2020-01-31,0,0,0,0,0,1
Sachsen-Anhalt,2020-02-01,0,0,1,0,0,1
Sachsen-Anhalt,2020-02-02,1,0,1,1,1,1
Sachsen-Anhalt,2020-02-03,0,0,1,0,0,1
Sachsen-Anhalt,2020-02-04,0,0,1,0,0,1
Sachsen-Anhalt,2020-02-05,0,0,1,0,0,1
Sachsen-Anhalt,2020-02-06,0,0,1,0,0,1
Sachsen-Anhalt,2020-02-07,0,0,1,0,0,1
Sachsen-Anhalt,2020-02-08,0,0,1,0,0,1
Sachsen-Anhalt,2020-02-09,0,0,1,0,0,1
Sachsen-Anhalt,2020-02-10,0,0,1,0,0,1
Sachsen-Anhalt,2020-02-11,0,0,1,0,0,1
Sachsen-Anhalt,2020-02-12,0,0,1,0,0,1
Sachsen-Anhalt,2020-02-13,0,0,1,0,0,1
Sachsen-Anhalt,2020-02-14,0,0,1,0,0,1
Sachsen-Anhalt,2020-02-15,0,0,1,0,0,1
Sachsen-Anhalt,2020-02-16,1,0,2,0,1,1
Sachsen-Anhalt,2020-02-17,1,0,2,0,1,1
Sachsen-Anhalt,2020-02-18,1,0,2,0,1,1
Sachsen-Anhalt,2020-02-19,1,0,3,0,1,1
Sachsen-Anhalt,2020-02-20,1,0,3,0,1,1
Sachsen-Anhalt,2020-02-21,1,0,4,0,1,1
Sachsen-Anhalt,2020-02-22,2,0,4,1,2,1
Sachsen-Anhalt,2020-02-23,2,0,5,0,2,1
Sachsen-Anhalt,2020-02-24,3,0,6,1,3,1
Sachsen-Anhalt,2020-02-25,4,0,7,2,4,1
Sachsen-Anhalt,2020-02-26,4,0,8,1,4,1
Sachsen-Anhalt,2020-02-27,5,1,10,3,6,1
Sachsen-Anhalt,2020-02-28,7,1,11,3,7,1
Sachsen-Anhalt,2020-02-29,8,2,13,5,9,1
Sachsen-Anhalt,2020-03-01,10,4,16,5,10,1
Sachsen-Anhalt,2020-03-02,12,4,18,8,13,1
Sachsen-Anhalt,2020-03-03,14,6,20,9,15,1
Sachsen-Anhalt,2020-03-04,17,9,24,12,18,1
Sachsen-Anhalt,2020-03-05,19,11,27,16,22,1
Sachsen-Anhalt,2020-03-06,22,12,30,19,25,1
Sachsen-Anhalt,2020-03-07,25,15,33,19,26,1
Sachsen-Anhalt,2020-03-08,27,17,36,22,29,1
Sachsen-Anhalt,2020-03-09,30,21,40,24,32,1
Sachsen-Anhalt,2020-03-10,33,24,43,29,36,1
Sachsen-Anhalt,2020-03-11,37,26,46,31,39,1
Sachsen-Anhalt,2020-03-12,39,28,49,35,43,1
Sachsen-Anhalt,2020-03-13,41,30,51,36,44,1
Sachsen-Anhalt,2020-03-14,43,31,53,38,46,1
Sachsen-Anhalt,2020-03-15,45,34,55,40,48,1
Sachsen-Anhalt,2020-03-16,46,34,55,40,48,1
Sachsen-Anhalt,2020-03-17,47,34,56,40,49,1
Sachsen-Anhalt,2020-03-18,47,37,58,42,50,1
Sachsen-Anhalt,2020-03-19,48,36,58,44,52,1
Sachsen-Anhalt,2020-03-20,48,37,58,43,51,1
Sachsen-Anhalt,2020-03-21,47,34,57,40,49,1
Sachsen-Anhalt,2020-03-22,45,33,55,38,47,1
Sachsen-Anhalt,2020-03-23,44,33,53,38,46,1
Sachsen-Anhalt,2020-03-24,42,31,51,36,44,1
Sachsen-Anhalt,2020-03-25,40,30,50,37,45,1
Sachsen-Anhalt,2020-03-26,39,28,49,34,42,1
Sachsen-Anhalt,2020-03-27,37,28,47,30,38,1
Sachsen-Anhalt,2020-03-28,36,25,44,29,37,1
Sachsen-Anhalt,2020-03-29,34,25,43,30,37,1
Sachsen-Anhalt,2020-03-30,33,22,40,28,35,1
Sachsen-Anhalt,2020-03-31,31,22,39,26,33,1
Sachsen-Anhalt,2020-04-01,30,21,39,24,31,1
Sachsen-Anhalt,2020-04-02,29,21,37,22,29,1
Sachsen-Anhalt,2020-04-03,28,19,35,24,30,1
Sachsen-Anhalt,2020-04-04,26,18,34,23,29,1
Sachsen-Anhalt,2020-04-05,25,16,32,21,27,1
Sachsen-Anhalt,2020-04-06,24,17,32,20,26,1
Sachsen-Anhalt,2020-04-07,23,14,29,18,24,1
Sachsen-Anhalt,2020-04-08,23,15,30,18,24,1
Sachsen-Anhalt,2020-04-09,23,14,29,18,24,1
Sachsen-Anhalt,2020-04-10,22,15,29,17,23,1
Sachsen-Anhalt,2020-04-11,22,14,29,18,24,1
Sachsen-Anhalt,2020-04-12,21,13,28,17,23,1
Sachsen-Anhalt,2020-04-13,20,13,27,15,21,1
Sachsen-Anhalt,2020-04-14,19,10,24,16,21,1
Sachsen-Anhalt,2020-04-15,17,9,23,13,18,1
Sachsen-Anhalt,2020-04-16,15,8,21,11,16,1
Sachsen-Anhalt,2020-04-17,15,8,20,10,15,1
Sachsen-Anhalt,2020-04-18,14,7,19,9,14,1
Sachsen-Anhalt,2020-04-19,13,6,17,10,14,1
Sachsen-Anhalt,2020-04-20,12,6,17,8,12,1
Sachsen-Anhalt,2020-04-21,11,5,15,7,11,1
Sachsen-Anhalt,2020-04-22,10,4,14,6,10,1
Sachsen-Anhalt,2020-04-23,9,4,13,5,9,1
Sachsen-Anhalt,2020-04-24,9,4,13,6,9,1
Sachsen-Anhalt,2020-04-25,9,4,13,6,9,1
Sachsen-Anhalt,2020-04-26,8,3,12,6,9,1
Sachsen-Anhalt,2020-04-27,8,3,12,5,8,1
Sachsen-Anhalt,2020-04-28,7,3,11,5,8,1
Sachsen-Anhalt,2020-04-29,7,3,11,4,7,1
Sachsen-Anhalt,2020-04-30,7,2,10,4,7,1
Sachsen-Anhalt,2020-05-01,6,3,10,4,7,0.99
Sachsen-Anhalt,2020-05-02,6,1,9,3,6,0.99
Sachsen-Anhalt,2020-05-03,5,2,9,3,6,0.99
Sachsen-Anhalt,2020-05-04,5,2,8,3,5,0.99
Sachsen-Anhalt,2020-05-05,5,2,8,3,5,0.98
Sachsen-Anhalt,2020-05-06,4,1,7,3,5,0.98
Sachsen-Anhalt,2020-05-07,4,1,7,2,4,0.97
Sachsen-Anhalt,2020-05-08,4,1,7,2,4,0.96
Sachsen-Anhalt,2020-05-09,4,1,7,2,4,0.95
Sachsen-Anhalt,2020-05-10,3,0,6,1,3,0.94
Sachsen-Anhalt,2020-05-11,3,0,6,1,3,0.92
Sachsen-Anhalt,2020-05-12,3,0,6,1,3,0.9
Sachsen-Anhalt,2020-05-13,3,0,6,1,3,0.87
Sachsen-Anhalt,2020-05-14,3,1,7,2,4,0.83
Sachsen-Anhalt,2020-05-15,4,0,7,1,4,0.79
Sachsen-Anhalt,2020-05-16,4,0,8,1,4,0.73
Sachsen-Anhalt,2020-05-17,4,0,9,1,4,0.66
Schleswig-Holstein,2020-01-18,1,1,1,1,1,1
Schleswig-Holstein,2020-01-19,0.5,0,1,0,1,1
Schleswig-Holstein,2020-01-20,0,0,0,0,0,1
Schleswig-Holstein,2020-01-21,0,0,0,0,0,1
Schleswig-Holstein,2020-01-22,0,0,1,0,0,1
Schleswig-Holstein,2020-01-23,0,0,1,0,0,1
Schleswig-Holstein,2020-01-24,1,0,1,1,1,1
Schleswig-Holstein,2020-01-25,0,0,1,0,0,1
Schleswig-Holstein,2020-01-26,0,0,1,0,0,1
Schleswig-Holstein,2020-01-27,0,0,1,0,0,1
Schleswig-Holstein,2020-01-28,0,0,1,0,0,1
Schleswig-Holstein,2020-01-29,0,0,1,0,0,1
Schleswig-Holstein,2020-01-30,0,0,1,0,0,1
Schleswig-Holstein,2020-01-31,0,0,1,0,0,1
Schleswig-Holstein,2020-02-01,0,0,1,0,0,1
Schleswig-Holstein,2020-02-02,0,0,1,0,0,1
Schleswig-Holstein,2020-02-03,0,0,1,0,0,1
Schleswig-Holstein,2020-02-04,0,0,1,0,0,1
Schleswig-Holstein,2020-02-05,0,0,1,0,0,1
Schleswig-Holstein,2020-02-06,0,0,1,0,0,1
Schleswig-Holstein,2020-02-07,0,0,1,0,0,1
Schleswig-Holstein,2020-02-08,0,0,1,0,0,1
Schleswig-Holstein,2020-02-09,0,0,1,0,0,1
Schleswig-Holstein,2020-02-10,0,0,1,0,0,1
Schleswig-Holstein,2020-02-11,0,0,1,0,0,1
Schleswig-Holstein,2020-02-12,0,0,2,0,0,1
Schleswig-Holstein,2020-02-13,1,0,2,0,1,1
Schleswig-Holstein,2020-02-14,1,0,2,0,1,1
Schleswig-Holstein,2020-02-15,1,0,2,0,1,1
Schleswig-Holstein,2020-02-16,1,0,3,0,1,1
Schleswig-Holstein,2020-02-17,1,0,3,0,1,1
Schleswig-Holstein,2020-02-18,1,0,4,0,1,1
Schleswig-Holstein,2020-02-19,2,0,4,0,2,1
Schleswig-Holstein,2020-02-20,2,0,5,0,2,1
Schleswig-Holstein,2020-02-21,3,0,6,1,3,1
Schleswig-Holstein,2020-02-22,4,0,7,1,4,1
Schleswig-Holstein,2020-02-23,4,0,8,2,5,1
Schleswig-Holstein,2020-02-24,5,1,10,3,6,1
Schleswig-Holstein,2020-02-25,7,2,12,3,7,1
Schleswig-Holstein,2020-02-26,8,2,14,3,8,1
Schleswig-Holstein,2020-02-27,10,3,16,5,10,1
Schleswig-Holstein,2020-02-28,12,5,19,6,12,1
Schleswig-Holstein,2020-02-29,14,5,21,10,16,1
Schleswig-Holstein,2020-03-01,17,8,25,11,18,1
Schleswig-Holstein,2020-03-02,20,11,30,15,22,1
Schleswig-Holstein,2020-03-03,24,13,33,18,26,1
Schleswig-Holstein,2020-03-04,28,16,38,22,30,1
Schleswig-Holstein,2020-03-05,32,21,43,27,35,1
Schleswig-Holstein,2020-03-06,37,24,48,31,40,1
Schleswig-Holstein,2020-03-07,41,29,54,33,43,1
Schleswig-Holstein,2020-03-08,46,33,59,40,50,1
Schleswig-Holstein,2020-03-09,51,37,62,45,55,1
Schleswig-Holstein,2020-03-10,55,41,68,47,58,1
Schleswig-Holstein,2020-03-11,60,47,73,50,61,1
Schleswig-Holstein,2020-03-12,65,51,77,58,68,1
Schleswig-Holstein,2020-03-13,68,53,81,60,71,1
Schleswig-Holstein,2020-03-14,72,58,86,63,75,1
Schleswig-Holstein,2020-03-15,76,59,87,68,79,1
Schleswig-Holstein,2020-03-16,78,62,91,68,80,1
Schleswig-Holstein,2020-03-17,81,64,92,74,85,1
Schleswig-Holstein,2020-03-18,82,67,95,74,85,1
Schleswig-Holstein,2020-03-19,85,71,98,78,89,1
Schleswig-Holstein,2020-03-20,85,70,98,79,90,1
Schleswig-Holstein,2020-03-21,85,71,101,78,89,1
Schleswig-Holstein,2020-03-22,84,68,97,76,87,1
Schleswig-Holstein,2020-03-23,83,67,95,76,87,1
Schleswig-Holstein,2020-03-24,81,65,94,74,85,1
Schleswig-Holstein,2020-03-25,79,64,93,73,84,1
Schleswig-Holstein,2020-03-26,78,60,90,71,83,1
Schleswig-Holstein,2020-03-27,76,60,89,69,81,1
Schleswig-Holstein,2020-03-28,73,59,88,66,77,1
Schleswig-Holstein,2020-03-29,70,56,85,65,76,1
Schleswig-Holstein,2020-03-30,65,52,79,58,69,1
Schleswig-Holstein,2020-03-31,61,47,74,54,65,1
Schleswig-Holstein,2020-04-01,58,45,70,50,60,1
Schleswig-Holstein,2020-04-02,55,42,67,48,58,1
Schleswig-Holstein,2020-04-03,51,39,63,45,54,1
Schleswig-Holstein,2020-04-04,47,34,57,41,50,1
Schleswig-Holstein,2020-04-05,44,32,54,37,46,1
Schleswig-Holstein,2020-04-06,41,29,50,35,43,1
Schleswig-Holstein,2020-04-07,37,28,47,30,38,1
Schleswig-Holstein,2020-04-08,35,26,44,29,37,1
Schleswig-Holstein,2020-04-09,34,24,42,27,35,1
Schleswig-Holstein,2020-04-10,32,21,40,27,34,1
Schleswig-Holstein,2020-04-11,30,22,39,25,32,1
Schleswig-Holstein,2020-04-12,29,20,37,23,30,1
Schleswig-Holstein,2020-04-13,27,18,35,21,28,1
Schleswig-Holstein,2020-04-14,26,17,33,22,28,1
Schleswig-Holstein,2020-04-15,25,16,32,21,27,1
Schleswig-Holstein,2020-04-16,25,17,32,21,27,1
Schleswig-Holstein,2020-04-17,24,16,31,20,26,1
Schleswig-Holstein,2020-04-18,23,15,30,18,24,1
Schleswig-Holstein,2020-04-19,22,15,29,18,23,1
Schleswig-Holstein,2020-04-20,21,13,27,18,23,1
Schleswig-Holstein,2020-04-21,20,13,26,16,21,1
Schleswig-Holstein,2020-04-22,20,13,26,16,21,1
Schleswig-Holstein,2020-04-23,20,12,26,17,22,1
Schleswig-Holstein,2020-04-24,21,12,27,18,23,1
Schleswig-Holstein,2020-04-25,21,13,27,18,23,1
Schleswig-Holstein,2020-04-26,21,14,28,16,22,1
Schleswig-Holstein,2020-04-27,21,14,28,16,22,1
Schleswig-Holstein,2020-04-28,21,13,27,17,22,1
Schleswig-Holstein,2020-04-29,20,12,26,17,22,1
Schleswig-Holstein,2020-04-30,19,12,26,16,21,1
Schleswig-Holstein,2020-05-01,17,10,24,15,20,1
Schleswig-Holstein,2020-05-02,15,8,21,12,17,1
Schleswig-Holstein,2020-05-03,14,8,20,10,15,0.99
Schleswig-Holstein,2020-05-04,12,6,17,9,13,0.99
Schleswig-Holstein,2020-05-05,10,5,15,7,11,0.99
Schleswig-Holstein,2020-05-06,9,5,14,6,10,0.99
Schleswig-Holstein,2020-05-07,8,3,12,6,9,0.98
Schleswig-Holstein,2020-05-08,8,4,12,5,8,0.98
Schleswig-Holstein,2020-05-09,7,3,11,5,8,0.97
Schleswig-Holstein,2020-05-10,7,3,11,5,8,0.96
Schleswig-Holstein,2020-05-11,7,3,11,5,8,0.95
Schleswig-Holstein,2020-05-12,7,3,12,5,8,0.94
Schleswig-Holstein,2020-05-13,8,3,12,6,9,0.92
Schleswig-Holstein,2020-05-14,8,4,13,6,9,0.9
Schleswig-Holstein,2020-05-15,8,3,13,4,8,0.87
Schleswig-Holstein,2020-05-16,8,3,13,4,8,0.83
Schleswig-Holstein,2020-05-17,7,3,13,4,8,0.78
Schleswig-Holstein,2020-05-18,7,1,12,3,7,0.72
Thüringen,2020-01-26,1,1,1,1,1,1
Thüringen,2020-01-27,0,0,0,0,0,1
Thüringen,2020-01-28,0,0,0,0,0,1
Thüringen,2020-01-29,1,0,1,1,1,1
Thüringen,2020-01-30,0,0,1,0,0,1
Thüringen,2020-01-31,0,0,1,0,0,1
Thüringen,2020-02-01,0,0,1,0,0,1
Thüringen,2020-02-02,0,0,1,0,0,1
Thüringen,2020-02-03,0,0,1,0,0,1
Thüringen,2020-02-04,0,0,1,0,0,1
Thüringen,2020-02-05,0,0,1,0,0,1
Thüringen,2020-02-06,0,0,1,0,0,1
Thüringen,2020-02-07,0,0,1,0,0,1
Thüringen,2020-02-08,0,0,1,0,0,1
Thüringen,2020-02-09,0,0,1,0,0,1
Thüringen,2020-02-10,0,0,1,0,0,1
Thüringen,2020-02-11,0,0,1,0,0,1
Thüringen,2020-02-12,0,0,1,0,0,1
Thüringen,2020-02-13,0,0,1,0,0,1
Thüringen,2020-02-14,0,0,1,0,0,1
Thüringen,2020-02-15,0,0,2,0,0,1
Thüringen,2020-02-16,1,0,2,0,1,1
Thüringen,2020-02-17,1,0,2,0,1,1
Thüringen,2020-02-18,1,0,2,0,1,1
Thüringen,2020-02-19,1,0,3,0,1,1
Thüringen,2020-02-20,1,0,3,0,1,1
Thüringen,2020-02-21,1,0,4,0,1,1
Thüringen,2020-02-22,2,0,4,0,2,1
Thüringen,2020-02-23,2,0,5,0,2,1
Thüringen,2020-02-24,3,0,6,1,3,1
Thüringen,2020-02-25,3,1,8,0,3,1
Thüringen,2020-02-26,4,1,9,2,5,1
Thüringen,2020-02-27,6,1,10,2,6,1
Thüringen,2020-02-28,7,2,12,3,7,1
Thüringen,2020-02-29,9,3,15,4,9,1
Thüringen,2020-03-01,10,4,17,6,11,1
Thüringen,2020-03-02,13,5,19,10,15,1
Thüringen,2020-03-03,15,8,23,11,17,1
Thüringen,2020-03-04,18,9,26,11,18,1
Thüringen,2020-03-05,21,11,30,16,23,1
Thüringen,2020-03-06,24,15,34,17,25,1
Thüringen,2020-03-07,28,17,37,22,30,1
Thüringen,2020-03-08,32,20,42,28,36,1
Thüringen,2020-03-09,36,24,46,28,37,1
Thüringen,2020-03-10,40,28,51,33,42,1
Thüringen,2020-03-11,44,34,56,38,47,1
Thüringen,2020-03-12,47,34,57,40,50,1
Thüringen,2020-03-13,51,38,61,45,54,1
Thüringen,2020-03-14,54,42,64,47,56,1
Thüringen,2020-03-15,55,44,67,49,58,1
Thüringen,2020-03-16,57,45,68,49,59,1
Thüringen,2020-03-17,58,45,69,54,63,1
Thüringen,2020-03-18,59,47,70,51,60,1
Thüringen,2020-03-19,59,46,71,54,63,1
Thüringen,2020-03-20,59,48,71,52,61,1
Thüringen,2020-03-21,59,45,69,53,62,1
Thüringen,2020-03-22,58,44,68,52,61,1
Thüringen,2020-03-23,56,44,67,49,58,1
Thüringen,2020-03-24,55,41,65,50,59,1
Thüringen,2020-03-25,54,44,67,47,56,1
Thüringen,2020-03-26,54,44,66,47,56,1
Thüringen,2020-03-27,53,42,65,46,55,1
Thüringen,2020-03-28,52,40,63,47,56,1
Thüringen,2020-03-29,51,38,61,45,54,1
Thüringen,2020-03-30,49,37,59,42,51,1
Thüringen,2020-03-31,48,36,58,41,50,1
Thüringen,2020-04-01,46,33,55,40,48,1
Thüringen,2020-04-02,45,33,54,40,48,1
Thüringen,2020-04-03,44,32,53,37,46,1
Thüringen,2020-04-04,43,32,52,37,45,1
Thüringen,2020-04-05,42.5,31,52,39,47,1
Thüringen,2020-04-06,42,32,52,36,44,1
Thüringen,2020-04-07,42,30,51,35,43,1
Thüringen,2020-04-08,42,33,52,37,45,1
Thüringen,2020-04-09,44,33,53,39,47,1
Thüringen,2020-04-10,44,35,55,39,47,1
Thüringen,2020-04-11,45,34,54,38,46,1
Thüringen,2020-04-12,44,34,54,39,47,1
Thüringen,2020-04-13,43,33,54,37,45,1
Thüringen,2020-04-14,44,31,53,37,46,1
Thüringen,2020-04-15,43,32,52,38,46,1
Thüringen,2020-04-16,42,32,52,37,45,1
Thüringen,2020-04-17,41,29,50,35,43,1
Thüringen,2020-04-18,40,28,49,33,41,1
Thüringen,2020-04-19,38,26,47,33,41,1
Thüringen,2020-04-20,36,26,45,32,39,1
Thüringen,2020-04-21,35,25,44,29,37,1
Thüringen,2020-04-22,34,23,42,28,36,1
Thüringen,2020-04-23,33,22,41,29,36,1
Thüringen,2020-04-24,32,22,40,27,34,1
Thüringen,2020-04-25,31,21,38,25,32,1
Thüringen,2020-04-26,29,21,38,24,31,1
Thüringen,2020-04-27,28,19,35,24,30,1
Thüringen,2020-04-28,27,19,35,23,29,1
Thüringen,2020-04-29,28,20,35,24,30,1
Thüringen,2020-04-30,27,19,35,22,28,1
Thüringen,2020-05-01,27,19,35,23,29,1
Thüringen,2020-05-02,26,18,34,22,28,1
Thüringen,2020-05-03,25,16,31,20,26,1
Thüringen,2020-05-04,23,16,30,20,25,0.99
Thüringen,2020-05-05,22,14,29,20,25,0.99
Thüringen,2020-05-06,21,13,28,16,22,0.99
Thüringen,2020-05-07,20,13,27,15,21,0.99
Thüringen,2020-05-08,20,13,27,15,21,0.98
Thüringen,2020-05-09,20,12,26,17,22,0.98
Thüringen,2020-05-10,19,12,26,16,21,0.97
Thüringen,2020-05-11,19,14,28,14,20,0.96
Thüringen,2020-05-12,19,11,26,14,20,0.95
Thüringen,2020-05-13,20,12,26,15,21,0.94
Thüringen,2020-05-14,20,11,26,16,21,0.92
Thüringen,2020-05-15,20,12,27,15,21,0.9
Thüringen,2020-05-16,21,12,29,17,23,0.87
Thüringen,2020-05-17,21,11,28,16,22,0.83
Thüringen,2020-05-18,21,13,31,16,23,0.78
